id,letters
0,O
1,U
2,X
3,S
4,U
5,B
6,I
7,E
8,T
9,Y
10,Z
11,M
12,E
13,Z
14,P
15,V
16,B
17,J
18,C
19,B
20,S
21,C
22,F
23,C
24,Q
25,F
26,G
27,P
28,Y
29,B
30,F
31,A
32,H
33,W
34,D
35,R
36,Q
37,Y
38,T
39,Z
40,R
41,P
42,O
43,A
44,R
45,G
46,I
47,X
48,N
49,D
50,C
51,R
52,I
53,M
54,N
55,W
56,U
57,G
58,K
59,D
60,W
61,P
62,U
63,E
64,D
65,W
66,M
67,P
68,X
69,J
70,F
71,J
72,D
73,W
74,D
75,H
76,Y
77,G
78,A
79,Z
80,D
81,S
82,O
83,L
84,Q
85,W
86,H
87,K
88,V
89,D
90,D
91,K
92,Q
93,S
94,P
95,B
96,W
97,J
98,G
99,E
100,Y
101,O
102,T
103,Y
104,L
105,D
106,V
107,W
108,C
109,J
110,F
111,H
112,W
113,F
114,S
115,Y
116,X
117,N
118,Y
119,L
120,G
121,E
122,F
123,N
124,A
125,H
126,R
127,S
128,Z
129,E
130,X
131,W
132,U
133,Z
134,X
135,U
136,R
137,G
138,Q
139,P
140,L
141,L
142,G
143,K
144,F
145,P
146,W
147,D
148,M
149,S
150,E
151,P
152,A
153,P
154,Q
155,T
156,T
157,C
158,J
159,K
160,K
161,A
162,V
163,N
164,T
165,A
166,G
167,U
168,R
169,K
170,T
171,T
172,C
173,R
174,H
175,S
176,C
177,L
178,K
179,U
180,S
181,H
182,S
183,F
184,R
185,P
186,O
187,I
188,K
189,X
190,O
191,Z
192,J
193,L
194,Y
195,H
196,Z
197,M
198,G
199,Y
200,K
201,D
202,X
203,H
204,I
205,A
206,W
207,Y
208,B
209,L
210,W
211,H
212,O
213,J
214,Y
215,H
216,P
217,A
218,B
219,F
220,I
221,X
222,H
223,I
224,K
225,O
226,P
227,G
228,H
229,L
230,C
231,U
232,G
233,O
234,L
235,T
236,R
237,X
238,U
239,J
240,O
241,T
242,N
243,W
244,F
245,W
246,C
247,Z
248,T
249,T
250,A
251,S
252,N
253,O
254,A
255,U
256,U
257,T
258,G
259,I
260,U
261,D
262,C
263,A
264,J
265,M
266,F
267,X
268,E
269,G
270,B
271,A
272,L
273,V
274,R
275,R
276,K
277,N
278,K
279,E
280,J
281,D
282,H
283,M
284,K
285,J
286,G
287,K
288,L
289,Z
290,E
291,K
292,A
293,P
294,V
295,D
296,T
297,O
298,P
299,H
300,J
301,C
302,Y
303,R
304,Z
305,T
306,U
307,B
308,A
309,E
310,W
311,O
312,B
313,K
314,V
315,A
316,A
317,Q
318,Y
319,B
320,N
321,Z
322,P
323,M
324,G
325,S
326,F
327,Q
328,Z
329,B
330,B
331,H
332,L
333,M
334,V
335,K
336,P
337,U
338,P
339,E
340,C
341,T
342,R
343,G
344,F
345,K
346,K
347,K
348,K
349,D
350,D
351,F
352,E
353,M
354,R
355,K
356,T
357,G
358,A
359,W
360,V
361,N
362,W
363,H
364,B
365,C
366,L
367,O
368,Y
369,E
370,B
371,R
372,W
373,R
374,E
375,J
376,Z
377,Q
378,B
379,J
380,H
381,N
382,J
383,I
384,Z
385,X
386,Q
387,K
388,R
389,E
390,Q
391,Z
392,W
393,H
394,K
395,T
396,H
397,Y
398,U
399,B
400,A
401,S
402,P
403,M
404,D
405,C
406,R
407,L
408,C
409,Q
410,J
411,I
412,M
413,B
414,A
415,U
416,M
417,J
418,S
419,X
420,Q
421,P
422,N
423,X
424,P
425,M
426,I
427,C
428,K
429,E
430,V
431,U
432,S
433,V
434,D
435,D
436,I
437,T
438,K
439,X
440,B
441,J
442,Q
443,F
444,T
445,J
446,W
447,K
448,Z
449,L
450,G
451,M
452,K
453,P
454,V
455,P
456,Z
457,E
458,F
459,C
460,T
461,G
462,F
463,C
464,B
465,S
466,H
467,A
468,K
469,O
470,K
471,B
472,R
473,T
474,E
475,X
476,X
477,E
478,N
479,J
480,B
481,F
482,O
483,V
484,M
485,F
486,V
487,F
488,X
489,O
490,J
491,V
492,S
493,G
494,Q
495,G
496,P
497,N
498,K
499,S
500,G
501,Q
502,M
503,M
504,O
505,G
506,F
507,Q
508,K
509,X
510,K
511,C
512,I
513,V
514,A
515,A
516,X
517,B
518,V
519,W
520,Y
521,C
522,T
523,U
524,K
525,V
526,X
527,R
528,R
529,G
530,P
531,Z
532,X
533,E
534,P
535,S
536,Y
537,Y
538,C
539,H
540,V
541,S
542,D
543,U
544,L
545,N
546,S
547,W
548,U
549,I
550,V
551,X
552,K
553,A
554,Y
555,Y
556,P
557,T
558,I
559,V
560,F
561,C
562,W
563,B
564,F
565,P
566,M
567,T
568,C
569,V
570,O
571,V
572,E
573,P
574,S
575,X
576,D
577,L
578,G
579,I
580,U
581,D
582,O
583,W
584,C
585,W
586,G
587,B
588,I
589,Y
590,P
591,B
592,S
593,X
594,U
595,R
596,Z
597,S
598,P
599,T
600,P
601,Y
602,T
603,W
604,G
605,K
606,M
607,Y
608,Q
609,G
610,B
611,E
612,K
613,J
614,E
615,F
616,T
617,U
618,M
619,K
620,K
621,Y
622,Y
623,Q
624,C
625,C
626,O
627,T
628,U
629,K
630,R
631,J
632,Q
633,E
634,T
635,S
636,V
637,R
638,U
639,I
640,Z
641,U
642,F
643,P
644,O
645,H
646,G
647,G
648,M
649,I
650,G
651,I
652,F
653,I
654,F
655,Z
656,G
657,W
658,F
659,Q
660,D
661,T
662,K
663,L
664,J
665,B
666,N
667,E
668,H
669,L
670,V
671,J
672,W
673,O
674,N
675,D
676,H
677,A
678,I
679,B
680,X
681,Y
682,B
683,O
684,B
685,J
686,O
687,Y
688,B
689,S
690,S
691,S
692,R
693,Y
694,C
695,S
696,G
697,H
698,R
699,F
700,R
701,L
702,G
703,J
704,D
705,S
706,X
707,X
708,H
709,T
710,T
711,D
712,F
713,C
714,T
715,Q
716,N
717,Q
718,I
719,W
720,V
721,K
722,Y
723,E
724,K
725,L
726,C
727,E
728,O
729,T
730,L
731,K
732,K
733,U
734,W
735,M
736,R
737,X
738,G
739,W
740,V
741,R
742,Z
743,B
744,O
745,E
746,T
747,F
748,A
749,E
750,U
751,O
752,T
753,A
754,Q
755,A
756,C
757,N
758,F
759,B
760,N
761,U
762,U
763,U
764,B
765,L
766,T
767,E
768,J
769,O
770,I
771,T
772,O
773,E
774,Q
775,I
776,G
777,D
778,S
779,L
780,A
781,Y
782,V
783,A
784,Q
785,X
786,J
787,O
788,F
789,N
790,A
791,U
792,P
793,P
794,Y
795,T
796,C
797,Z
798,F
799,N
800,F
801,T
802,M
803,Q
804,I
805,R
806,V
807,F
808,Y
809,L
810,F
811,F
812,C
813,I
814,A
815,L
816,X
817,X
818,D
819,I
820,W
821,A
822,P
823,Z
824,Y
825,Q
826,L
827,B
828,R
829,Q
830,I
831,O
832,V
833,U
834,X
835,J
836,R
837,K
838,F
839,C
840,A
841,P
842,B
843,O
844,B
845,D
846,Y
847,T
848,D
849,N
850,G
851,P
852,E
853,D
854,M
855,N
856,P
857,L
858,V
859,A
860,Q
861,A
862,U
863,L
864,N
865,O
866,U
867,P
868,Q
869,J
870,Z
871,C
872,J
873,J
874,Q
875,W
876,B
877,O
878,T
879,U
880,F
881,Q
882,W
883,B
884,F
885,V
886,H
887,G
888,D
889,K
890,X
891,T
892,A
893,I
894,R
895,M
896,Z
897,R
898,G
899,E
900,U
901,G
902,X
903,N
904,A
905,N
906,E
907,Z
908,N
909,V
910,B
911,C
912,E
913,M
914,A
915,T
916,O
917,Z
918,M
919,V
920,F
921,G
922,S
923,R
924,A
925,V
926,Z
927,M
928,D
929,R
930,V
931,C
932,H
933,C
934,A
935,G
936,Q
937,L
938,F
939,M
940,H
941,V
942,V
943,V
944,P
945,L
946,F
947,H
948,V
949,V
950,J
951,Y
952,D
953,V
954,I
955,K
956,I
957,Z
958,V
959,S
960,O
961,K
962,I
963,T
964,E
965,H
966,J
967,K
968,X
969,M
970,K
971,S
972,B
973,G
974,L
975,T
976,G
977,W
978,E
979,P
980,M
981,S
982,S
983,Q
984,W
985,Y
986,T
987,X
988,J
989,J
990,J
991,Z
992,V
993,E
994,I
995,C
996,Z
997,V
998,N
999,S
1000,E
1001,X
1002,U
1003,Z
1004,Y
1005,Y
1006,V
1007,P
1008,U
1009,M
1010,Y
1011,L
1012,D
1013,N
1014,S
1015,P
1016,Y
1017,X
1018,Q
1019,T
1020,F
1021,W
1022,G
1023,D
1024,G
1025,J
1026,I
1027,O
1028,D
1029,Y
1030,F
1031,D
1032,T
1033,P
1034,V
1035,O
1036,O
1037,C
1038,E
1039,A
1040,C
1041,A
1042,U
1043,H
1044,B
1045,F
1046,Y
1047,J
1048,C
1049,F
1050,R
1051,M
1052,W
1053,B
1054,L
1055,W
1056,M
1057,O
1058,Q
1059,U
1060,L
1061,J
1062,D
1063,R
1064,M
1065,H
1066,Q
1067,G
1068,O
1069,R
1070,M
1071,V
1072,H
1073,G
1074,Q
1075,S
1076,Z
1077,E
1078,P
1079,J
1080,Z
1081,R
1082,L
1083,X
1084,N
1085,C
1086,K
1087,M
1088,W
1089,D
1090,K
1091,U
1092,R
1093,P
1094,K
1095,H
1096,Q
1097,A
1098,S
1099,K
1100,Q
1101,B
1102,N
1103,T
1104,F
1105,J
1106,M
1107,B
1108,F
1109,Q
1110,S
1111,Q
1112,K
1113,R
1114,G
1115,Y
1116,C
1117,C
1118,H
1119,Y
1120,Z
1121,W
1122,J
1123,B
1124,D
1125,E
1126,H
1127,K
1128,A
1129,T
1130,M
1131,B
1132,A
1133,I
1134,Q
1135,F
1136,T
1137,J
1138,Z
1139,R
1140,B
1141,S
1142,T
1143,O
1144,C
1145,A
1146,A
1147,N
1148,W
1149,E
1150,D
1151,K
1152,V
1153,X
1154,Y
1155,I
1156,J
1157,H
1158,W
1159,V
1160,X
1161,B
1162,P
1163,R
1164,Z
1165,B
1166,O
1167,X
1168,W
1169,O
1170,L
1171,X
1172,X
1173,R
1174,G
1175,P
1176,P
1177,K
1178,Z
1179,H
1180,M
1181,C
1182,H
1183,X
1184,U
1185,G
1186,P
1187,K
1188,Z
1189,N
1190,U
1191,Q
1192,C
1193,Z
1194,M
1195,P
1196,F
1197,K
1198,G
1199,W
1200,W
1201,X
1202,R
1203,B
1204,V
1205,N
1206,D
1207,M
1208,G
1209,K
1210,B
1211,C
1212,T
1213,A
1214,S
1215,K
1216,U
1217,S
1218,C
1219,D
1220,J
1221,M
1222,Q
1223,B
1224,T
1225,Q
1226,Q
1227,R
1228,S
1229,I
1230,K
1231,X
1232,L
1233,W
1234,K
1235,I
1236,M
1237,J
1238,Q
1239,B
1240,O
1241,J
1242,F
1243,C
1244,R
1245,K
1246,D
1247,O
1248,C
1249,S
1250,I
1251,U
1252,H
1253,S
1254,P
1255,B
1256,P
1257,V
1258,P
1259,G
1260,G
1261,A
1262,B
1263,G
1264,M
1265,B
1266,K
1267,E
1268,Y
1269,B
1270,I
1271,T
1272,R
1273,Z
1274,L
1275,A
1276,X
1277,T
1278,D
1279,J
1280,O
1281,V
1282,M
1283,O
1284,W
1285,J
1286,F
1287,L
1288,F
1289,B
1290,V
1291,D
1292,G
1293,D
1294,L
1295,O
1296,O
1297,A
1298,Q
1299,F
1300,K
1301,X
1302,V
1303,D
1304,G
1305,L
1306,B
1307,F
1308,P
1309,M
1310,H
1311,Y
1312,W
1313,C
1314,U
1315,G
1316,M
1317,J
1318,R
1319,N
1320,J
1321,Q
1322,T
1323,M
1324,D
1325,X
1326,K
1327,F
1328,A
1329,N
1330,X
1331,Q
1332,H
1333,A
1334,V
1335,D
1336,Y
1337,K
1338,K
1339,M
1340,T
1341,B
1342,F
1343,T
1344,D
1345,T
1346,S
1347,J
1348,O
1349,G
1350,Z
1351,L
1352,U
1353,A
1354,N
1355,Q
1356,X
1357,Y
1358,M
1359,X
1360,I
1361,U
1362,J
1363,Z
1364,F
1365,J
1366,H
1367,E
1368,W
1369,U
1370,R
1371,S
1372,N
1373,G
1374,Q
1375,W
1376,R
1377,R
1378,F
1379,T
1380,Y
1381,Y
1382,T
1383,Y
1384,Z
1385,G
1386,O
1387,X
1388,U
1389,L
1390,D
1391,G
1392,W
1393,P
1394,E
1395,L
1396,E
1397,D
1398,D
1399,E
1400,F
1401,D
1402,A
1403,Z
1404,Y
1405,T
1406,K
1407,Z
1408,R
1409,L
1410,Y
1411,O
1412,U
1413,O
1414,G
1415,H
1416,U
1417,F
1418,H
1419,E
1420,Z
1421,F
1422,O
1423,H
1424,F
1425,O
1426,B
1427,E
1428,T
1429,C
1430,Q
1431,W
1432,V
1433,Q
1434,M
1435,T
1436,I
1437,M
1438,C
1439,N
1440,K
1441,C
1442,I
1443,R
1444,O
1445,M
1446,K
1447,A
1448,K
1449,B
1450,G
1451,K
1452,P
1453,C
1454,M
1455,J
1456,G
1457,G
1458,A
1459,P
1460,W
1461,X
1462,P
1463,C
1464,O
1465,N
1466,V
1467,O
1468,U
1469,M
1470,U
1471,F
1472,D
1473,W
1474,A
1475,X
1476,L
1477,B
1478,X
1479,M
1480,U
1481,E
1482,A
1483,U
1484,I
1485,Z
1486,K
1487,C
1488,W
1489,Q
1490,Q
1491,D
1492,V
1493,I
1494,Y
1495,W
1496,V
1497,W
1498,G
1499,T
1500,P
1501,F
1502,L
1503,T
1504,C
1505,R
1506,I
1507,Z
1508,L
1509,S
1510,N
1511,F
1512,B
1513,M
1514,M
1515,E
1516,K
1517,V
1518,M
1519,W
1520,R
1521,X
1522,J
1523,W
1524,L
1525,O
1526,S
1527,Q
1528,C
1529,L
1530,Q
1531,L
1532,M
1533,L
1534,D
1535,J
1536,X
1537,M
1538,O
1539,I
1540,J
1541,Z
1542,J
1543,U
1544,J
1545,K
1546,F
1547,V
1548,B
1549,O
1550,Y
1551,O
1552,T
1553,H
1554,H
1555,D
1556,I
1557,P
1558,O
1559,M
1560,F
1561,Z
1562,A
1563,J
1564,P
1565,L
1566,T
1567,L
1568,V
1569,W
1570,L
1571,P
1572,E
1573,J
1574,X
1575,N
1576,P
1577,C
1578,F
1579,X
1580,P
1581,S
1582,D
1583,I
1584,U
1585,K
1586,N
1587,T
1588,T
1589,R
1590,C
1591,M
1592,G
1593,N
1594,I
1595,S
1596,Y
1597,L
1598,N
1599,A
1600,H
1601,B
1602,A
1603,N
1604,R
1605,K
1606,J
1607,D
1608,P
1609,N
1610,Y
1611,E
1612,R
1613,W
1614,A
1615,A
1616,K
1617,C
1618,U
1619,W
1620,X
1621,M
1622,N
1623,S
1624,D
1625,D
1626,Z
1627,O
1628,E
1629,C
1630,X
1631,Y
1632,L
1633,I
1634,Z
1635,D
1636,P
1637,N
1638,F
1639,D
1640,Q
1641,K
1642,J
1643,F
1644,A
1645,Z
1646,O
1647,D
1648,P
1649,K
1650,G
1651,U
1652,U
1653,E
1654,R
1655,E
1656,T
1657,Z
1658,H
1659,Y
1660,R
1661,K
1662,A
1663,P
1664,R
1665,H
1666,N
1667,H
1668,G
1669,W
1670,N
1671,B
1672,V
1673,S
1674,D
1675,W
1676,V
1677,S
1678,N
1679,S
1680,E
1681,K
1682,E
1683,L
1684,N
1685,C
1686,B
1687,E
1688,W
1689,Q
1690,P
1691,V
1692,X
1693,U
1694,F
1695,X
1696,Y
1697,B
1698,N
1699,P
1700,V
1701,S
1702,E
1703,A
1704,O
1705,V
1706,T
1707,H
1708,G
1709,Y
1710,H
1711,I
1712,F
1713,Y
1714,T
1715,R
1716,W
1717,K
1718,M
1719,K
1720,C
1721,G
1722,G
1723,Q
1724,P
1725,M
1726,Z
1727,P
1728,B
1729,N
1730,O
1731,S
1732,M
1733,J
1734,Z
1735,R
1736,X
1737,G
1738,P
1739,S
1740,C
1741,N
1742,K
1743,J
1744,J
1745,R
1746,K
1747,E
1748,C
1749,K
1750,D
1751,R
1752,E
1753,I
1754,E
1755,G
1756,P
1757,H
1758,U
1759,A
1760,O
1761,J
1762,O
1763,Q
1764,U
1765,L
1766,G
1767,P
1768,W
1769,A
1770,R
1771,A
1772,G
1773,C
1774,K
1775,E
1776,I
1777,K
1778,Y
1779,W
1780,K
1781,C
1782,Y
1783,R
1784,K
1785,B
1786,R
1787,S
1788,Y
1789,P
1790,Q
1791,F
1792,F
1793,J
1794,P
1795,D
1796,B
1797,G
1798,K
1799,R
1800,L
1801,Y
1802,C
1803,G
1804,Y
1805,J
1806,T
1807,Y
1808,M
1809,O
1810,G
1811,Z
1812,F
1813,K
1814,Q
1815,T
1816,E
1817,A
1818,T
1819,U
1820,B
1821,Q
1822,V
1823,Y
1824,T
1825,C
1826,W
1827,D
1828,F
1829,B
1830,A
1831,L
1832,X
1833,K
1834,O
1835,U
1836,F
1837,K
1838,V
1839,Q
1840,E
1841,O
1842,D
1843,T
1844,F
1845,E
1846,M
1847,B
1848,W
1849,B
1850,N
1851,O
1852,Y
1853,G
1854,S
1855,A
1856,F
1857,W
1858,Q
1859,X
1860,X
1861,X
1862,O
1863,T
1864,P
1865,A
1866,I
1867,Z
1868,S
1869,T
1870,H
1871,B
1872,A
1873,R
1874,H
1875,Q
1876,Q
1877,F
1878,G
1879,J
1880,W
1881,C
1882,H
1883,Y
1884,L
1885,X
1886,S
1887,D
1888,K
1889,R
1890,T
1891,Q
1892,S
1893,J
1894,A
1895,K
1896,G
1897,A
1898,H
1899,J
1900,Y
1901,B
1902,M
1903,V
1904,S
1905,F
1906,P
1907,P
1908,H
1909,K
1910,J
1911,O
1912,B
1913,D
1914,L
1915,L
1916,G
1917,E
1918,O
1919,R
1920,H
1921,A
1922,Z
1923,N
1924,Y
1925,Q
1926,B
1927,I
1928,S
1929,F
1930,H
1931,Q
1932,O
1933,W
1934,B
1935,M
1936,N
1937,K
1938,E
1939,R
1940,Z
1941,G
1942,I
1943,Z
1944,Y
1945,T
1946,S
1947,J
1948,P
1949,L
1950,U
1951,G
1952,Z
1953,U
1954,A
1955,S
1956,D
1957,S
1958,R
1959,D
1960,N
1961,E
1962,J
1963,P
1964,V
1965,Y
1966,X
1967,M
1968,N
1969,V
1970,V
1971,S
1972,H
1973,B
1974,D
1975,I
1976,R
1977,L
1978,F
1979,R
1980,C
1981,F
1982,R
1983,F
1984,J
1985,H
1986,L
1987,R
1988,L
1989,O
1990,H
1991,P
1992,Y
1993,R
1994,Q
1995,D
1996,A
1997,B
1998,S
1999,D
2000,L
2001,Q
2002,B
2003,R
2004,F
2005,D
2006,K
2007,U
2008,Q
2009,P
2010,A
2011,M
2012,V
2013,W
2014,I
2015,L
2016,Y
2017,V
2018,F
2019,S
2020,O
2021,Z
2022,R
2023,E
2024,J
2025,R
2026,R
2027,Q
2028,S
2029,H
2030,R
2031,F
2032,M
2033,E
2034,V
2035,V
2036,M
2037,T
2038,H
2039,R
2040,Q
2041,L
2042,Z
2043,Y
2044,S
2045,P
2046,K
2047,F
2048,G
2049,F
2050,P
2051,O
2052,Q
2053,B
2054,W
2055,D
2056,J
2057,X
2058,K
2059,X
2060,H
2061,S
2062,Q
2063,X
2064,J
2065,T
2066,I
2067,M
2068,Y
2069,E
2070,A
2071,W
2072,C
2073,J
2074,W
2075,F
2076,H
2077,X
2078,U
2079,T
2080,M
2081,Y
2082,E
2083,R
2084,M
2085,W
2086,B
2087,F
2088,M
2089,O
2090,Y
2091,Y
2092,H
2093,P
2094,C
2095,J
2096,W
2097,V
2098,A
2099,D
2100,P
2101,K
2102,C
2103,Z
2104,G
2105,Q
2106,S
2107,A
2108,F
2109,Q
2110,Q
2111,J
2112,N
2113,W
2114,B
2115,C
2116,J
2117,O
2118,H
2119,K
2120,X
2121,L
2122,R
2123,J
2124,D
2125,O
2126,C
2127,H
2128,R
2129,J
2130,W
2131,X
2132,J
2133,G
2134,P
2135,A
2136,Z
2137,B
2138,A
2139,N
2140,F
2141,R
2142,B
2143,B
2144,M
2145,Z
2146,V
2147,J
2148,T
2149,H
2150,P
2151,Y
2152,X
2153,M
2154,B
2155,J
2156,C
2157,C
2158,L
2159,M
2160,G
2161,X
2162,A
2163,H
2164,F
2165,V
2166,G
2167,X
2168,I
2169,E
2170,M
2171,H
2172,Z
2173,Q
2174,G
2175,N
2176,S
2177,F
2178,L
2179,B
2180,T
2181,Q
2182,C
2183,W
2184,X
2185,B
2186,Q
2187,H
2188,S
2189,O
2190,Y
2191,J
2192,J
2193,W
2194,A
2195,A
2196,D
2197,V
2198,U
2199,Q
2200,T
2201,A
2202,R
2203,B
2204,B
2205,S
2206,K
2207,D
2208,Q
2209,A
2210,S
2211,U
2212,I
2213,Z
2214,J
2215,D
2216,J
2217,O
2218,L
2219,I
2220,F
2221,K
2222,H
2223,H
2224,I
2225,H
2226,T
2227,L
2228,F
2229,D
2230,Y
2231,N
2232,J
2233,U
2234,R
2235,X
2236,O
2237,G
2238,J
2239,Q
2240,N
2241,B
2242,P
2243,I
2244,H
2245,T
2246,I
2247,V
2248,N
2249,H
2250,U
2251,U
2252,B
2253,S
2254,G
2255,M
2256,Q
2257,B
2258,T
2259,J
2260,S
2261,P
2262,Z
2263,M
2264,U
2265,R
2266,D
2267,T
2268,F
2269,E
2270,T
2271,V
2272,L
2273,W
2274,O
2275,Z
2276,J
2277,T
2278,C
2279,J
2280,T
2281,G
2282,I
2283,K
2284,Y
2285,I
2286,U
2287,S
2288,W
2289,K
2290,F
2291,L
2292,M
2293,M
2294,F
2295,D
2296,V
2297,P
2298,V
2299,Y
2300,I
2301,O
2302,O
2303,A
2304,A
2305,V
2306,W
2307,Y
2308,U
2309,L
2310,G
2311,T
2312,A
2313,O
2314,Z
2315,L
2316,I
2317,F
2318,K
2319,I
2320,B
2321,D
2322,Q
2323,H
2324,U
2325,E
2326,S
2327,D
2328,W
2329,Z
2330,R
2331,C
2332,I
2333,Y
2334,Q
2335,T
2336,S
2337,I
2338,Z
2339,W
2340,T
2341,J
2342,R
2343,K
2344,Y
2345,A
2346,N
2347,Q
2348,C
2349,E
2350,H
2351,A
2352,N
2353,G
2354,L
2355,X
2356,C
2357,I
2358,O
2359,S
2360,O
2361,C
2362,N
2363,H
2364,E
2365,Z
2366,X
2367,Y
2368,R
2369,Z
2370,R
2371,P
2372,N
2373,B
2374,F
2375,L
2376,W
2377,N
2378,G
2379,P
2380,O
2381,A
2382,J
2383,Q
2384,P
2385,C
2386,X
2387,W
2388,I
2389,W
2390,M
2391,Q
2392,C
2393,K
2394,I
2395,Q
2396,Y
2397,N
2398,S
2399,J
2400,B
2401,S
2402,G
2403,I
2404,A
2405,W
2406,Y
2407,H
2408,C
2409,A
2410,W
2411,I
2412,P
2413,Y
2414,D
2415,F
2416,Y
2417,G
2418,J
2419,M
2420,H
2421,G
2422,I
2423,D
2424,L
2425,H
2426,E
2427,B
2428,M
2429,C
2430,E
2431,I
2432,E
2433,V
2434,Z
2435,Q
2436,N
2437,M
2438,V
2439,P
2440,R
2441,J
2442,E
2443,Q
2444,N
2445,A
2446,A
2447,L
2448,R
2449,R
2450,W
2451,Y
2452,H
2453,Y
2454,K
2455,W
2456,M
2457,C
2458,W
2459,R
2460,D
2461,F
2462,G
2463,V
2464,B
2465,J
2466,P
2467,U
2468,A
2469,K
2470,K
2471,C
2472,Q
2473,J
2474,E
2475,L
2476,X
2477,S
2478,U
2479,T
2480,H
2481,Z
2482,G
2483,N
2484,M
2485,A
2486,L
2487,A
2488,Z
2489,C
2490,T
2491,Q
2492,L
2493,U
2494,K
2495,Q
2496,M
2497,S
2498,E
2499,E
2500,O
2501,I
2502,H
2503,W
2504,Z
2505,J
2506,A
2507,O
2508,C
2509,P
2510,A
2511,S
2512,G
2513,F
2514,H
2515,S
2516,Z
2517,N
2518,O
2519,N
2520,L
2521,G
2522,B
2523,N
2524,T
2525,N
2526,Q
2527,W
2528,U
2529,L
2530,T
2531,W
2532,R
2533,Z
2534,Q
2535,W
2536,Z
2537,W
2538,U
2539,B
2540,K
2541,O
2542,Z
2543,L
2544,J
2545,H
2546,K
2547,N
2548,P
2549,I
2550,X
2551,J
2552,B
2553,T
2554,R
2555,C
2556,Q
2557,M
2558,W
2559,R
2560,R
2561,E
2562,D
2563,O
2564,A
2565,F
2566,K
2567,X
2568,W
2569,G
2570,P
2571,E
2572,G
2573,U
2574,W
2575,K
2576,G
2577,Q
2578,E
2579,G
2580,A
2581,W
2582,J
2583,W
2584,E
2585,C
2586,R
2587,J
2588,Q
2589,P
2590,M
2591,C
2592,U
2593,D
2594,V
2595,B
2596,O
2597,C
2598,M
2599,C
2600,W
2601,W
2602,O
2603,D
2604,L
2605,Y
2606,Z
2607,A
2608,Y
2609,J
2610,I
2611,P
2612,Q
2613,E
2614,R
2615,K
2616,G
2617,U
2618,H
2619,X
2620,W
2621,A
2622,L
2623,E
2624,R
2625,E
2626,C
2627,F
2628,L
2629,E
2630,T
2631,Z
2632,Z
2633,T
2634,F
2635,T
2636,X
2637,L
2638,B
2639,W
2640,C
2641,J
2642,C
2643,W
2644,U
2645,P
2646,H
2647,Z
2648,V
2649,M
2650,R
2651,Q
2652,W
2653,J
2654,Y
2655,E
2656,R
2657,A
2658,S
2659,J
2660,Q
2661,G
2662,X
2663,Z
2664,U
2665,I
2666,M
2667,S
2668,D
2669,U
2670,B
2671,E
2672,O
2673,I
2674,J
2675,U
2676,C
2677,U
2678,M
2679,X
2680,O
2681,E
2682,E
2683,T
2684,N
2685,V
2686,K
2687,H
2688,O
2689,Q
2690,U
2691,Y
2692,X
2693,V
2694,O
2695,U
2696,J
2697,V
2698,O
2699,Z
2700,C
2701,D
2702,P
2703,A
2704,T
2705,N
2706,J
2707,U
2708,N
2709,D
2710,S
2711,C
2712,H
2713,B
2714,U
2715,G
2716,M
2717,I
2718,C
2719,O
2720,V
2721,Q
2722,I
2723,O
2724,A
2725,R
2726,R
2727,L
2728,X
2729,V
2730,J
2731,I
2732,B
2733,R
2734,V
2735,Q
2736,E
2737,U
2738,O
2739,Q
2740,P
2741,C
2742,A
2743,M
2744,N
2745,Y
2746,D
2747,T
2748,O
2749,W
2750,M
2751,S
2752,N
2753,J
2754,G
2755,B
2756,W
2757,T
2758,Y
2759,F
2760,Q
2761,A
2762,O
2763,L
2764,H
2765,Q
2766,C
2767,U
2768,I
2769,Y
2770,F
2771,N
2772,H
2773,W
2774,Q
2775,X
2776,F
2777,E
2778,Q
2779,K
2780,G
2781,R
2782,F
2783,J
2784,F
2785,F
2786,I
2787,B
2788,J
2789,C
2790,V
2791,Z
2792,A
2793,G
2794,U
2795,X
2796,Y
2797,V
2798,D
2799,M
2800,X
2801,Q
2802,H
2803,F
2804,V
2805,W
2806,S
2807,G
2808,J
2809,M
2810,K
2811,V
2812,X
2813,I
2814,D
2815,Y
2816,T
2817,J
2818,R
2819,U
2820,S
2821,C
2822,S
2823,N
2824,S
2825,G
2826,G
2827,N
2828,P
2829,M
2830,Q
2831,V
2832,P
2833,H
2834,Y
2835,W
2836,F
2837,E
2838,U
2839,S
2840,N
2841,A
2842,F
2843,U
2844,X
2845,Y
2846,P
2847,Z
2848,X
2849,W
2850,R
2851,A
2852,C
2853,U
2854,F
2855,S
2856,E
2857,I
2858,K
2859,S
2860,P
2861,V
2862,U
2863,Z
2864,A
2865,A
2866,Z
2867,U
2868,B
2869,D
2870,T
2871,N
2872,O
2873,U
2874,L
2875,O
2876,W
2877,E
2878,W
2879,G
2880,Y
2881,W
2882,M
2883,S
2884,I
2885,E
2886,D
2887,F
2888,I
2889,W
2890,O
2891,S
2892,U
2893,R
2894,Q
2895,C
2896,B
2897,Z
2898,B
2899,G
2900,I
2901,Y
2902,P
2903,M
2904,C
2905,A
2906,B
2907,Y
2908,W
2909,M
2910,R
2911,M
2912,T
2913,Y
2914,T
2915,J
2916,K
2917,M
2918,A
2919,E
2920,W
2921,M
2922,E
2923,M
2924,D
2925,D
2926,A
2927,Z
2928,P
2929,V
2930,W
2931,I
2932,E
2933,S
2934,P
2935,R
2936,G
2937,K
2938,W
2939,O
2940,H
2941,T
2942,E
2943,L
2944,D
2945,A
2946,M
2947,T
2948,Y
2949,X
2950,S
2951,O
2952,P
2953,U
2954,B
2955,N
2956,T
2957,Y
2958,B
2959,X
2960,S
2961,N
2962,K
2963,M
2964,I
2965,T
2966,K
2967,D
2968,Z
2969,A
2970,B
2971,M
2972,K
2973,A
2974,A
2975,J
2976,O
2977,M
2978,U
2979,G
2980,F
2981,A
2982,B
2983,L
2984,X
2985,M
2986,O
2987,G
2988,T
2989,J
2990,M
2991,J
2992,J
2993,P
2994,V
2995,L
2996,S
2997,L
2998,E
2999,D
3000,U
3001,F
3002,T
3003,Q
3004,S
3005,Q
3006,H
3007,U
3008,Q
3009,L
3010,X
3011,I
3012,P
3013,N
3014,T
3015,T
3016,N
3017,B
3018,Y
3019,X
3020,H
3021,X
3022,Y
3023,J
3024,T
3025,W
3026,S
3027,F
3028,Z
3029,E
3030,I
3031,X
3032,X
3033,M
3034,Y
3035,E
3036,G
3037,G
3038,Y
3039,V
3040,N
3041,J
3042,L
3043,Y
3044,P
3045,W
3046,P
3047,A
3048,P
3049,Q
3050,K
3051,N
3052,D
3053,G
3054,N
3055,I
3056,W
3057,P
3058,Q
3059,R
3060,Q
3061,C
3062,O
3063,I
3064,E
3065,R
3066,C
3067,L
3068,S
3069,L
3070,B
3071,F
3072,W
3073,U
3074,L
3075,W
3076,X
3077,O
3078,U
3079,J
3080,C
3081,E
3082,I
3083,W
3084,N
3085,B
3086,R
3087,D
3088,O
3089,U
3090,D
3091,A
3092,W
3093,Q
3094,P
3095,G
3096,A
3097,P
3098,Y
3099,R
3100,I
3101,F
3102,N
3103,I
3104,P
3105,I
3106,J
3107,Z
3108,N
3109,J
3110,N
3111,J
3112,T
3113,F
3114,T
3115,C
3116,X
3117,N
3118,M
3119,W
3120,F
3121,H
3122,C
3123,C
3124,S
3125,H
3126,N
3127,J
3128,Z
3129,U
3130,A
3131,B
3132,H
3133,B
3134,B
3135,D
3136,S
3137,R
3138,G
3139,W
3140,V
3141,H
3142,H
3143,B
3144,F
3145,R
3146,S
3147,O
3148,B
3149,G
3150,F
3151,F
3152,R
3153,L
3154,E
3155,O
3156,L
3157,W
3158,C
3159,T
3160,N
3161,E
3162,W
3163,B
3164,D
3165,G
3166,Z
3167,M
3168,E
3169,R
3170,U
3171,J
3172,A
3173,C
3174,L
3175,A
3176,K
3177,Q
3178,B
3179,X
3180,U
3181,S
3182,B
3183,S
3184,K
3185,T
3186,D
3187,S
3188,I
3189,Z
3190,Q
3191,W
3192,Y
3193,G
3194,E
3195,Q
3196,Z
3197,W
3198,V
3199,T
3200,U
3201,D
3202,D
3203,L
3204,I
3205,A
3206,T
3207,O
3208,S
3209,Q
3210,X
3211,G
3212,R
3213,B
3214,N
3215,O
3216,H
3217,L
3218,W
3219,A
3220,Q
3221,U
3222,V
3223,R
3224,H
3225,C
3226,G
3227,V
3228,P
3229,H
3230,A
3231,S
3232,Y
3233,Q
3234,M
3235,N
3236,C
3237,D
3238,O
3239,Y
3240,B
3241,K
3242,T
3243,Q
3244,D
3245,X
3246,Y
3247,F
3248,X
3249,L
3250,I
3251,U
3252,B
3253,A
3254,F
3255,Y
3256,X
3257,Z
3258,Q
3259,D
3260,T
3261,S
3262,A
3263,I
3264,I
3265,W
3266,L
3267,J
3268,E
3269,W
3270,E
3271,Q
3272,D
3273,U
3274,O
3275,K
3276,R
3277,N
3278,W
3279,X
3280,G
3281,V
3282,Q
3283,P
3284,U
3285,Z
3286,V
3287,X
3288,A
3289,H
3290,X
3291,Z
3292,F
3293,N
3294,L
3295,T
3296,E
3297,U
3298,W
3299,A
3300,P
3301,G
3302,B
3303,P
3304,F
3305,N
3306,J
3307,G
3308,X
3309,G
3310,O
3311,B
3312,O
3313,S
3314,J
3315,S
3316,H
3317,Y
3318,Z
3319,H
3320,I
3321,L
3322,W
3323,R
3324,P
3325,W
3326,L
3327,W
3328,M
3329,X
3330,B
3331,J
3332,H
3333,K
3334,S
3335,X
3336,V
3337,M
3338,C
3339,E
3340,C
3341,J
3342,U
3343,K
3344,T
3345,D
3346,G
3347,Z
3348,A
3349,N
3350,E
3351,X
3352,X
3353,W
3354,P
3355,T
3356,L
3357,Z
3358,B
3359,E
3360,F
3361,V
3362,V
3363,F
3364,K
3365,J
3366,X
3367,W
3368,G
3369,X
3370,P
3371,G
3372,O
3373,U
3374,T
3375,Y
3376,E
3377,F
3378,D
3379,Q
3380,L
3381,X
3382,P
3383,S
3384,J
3385,S
3386,P
3387,W
3388,P
3389,R
3390,A
3391,Q
3392,B
3393,I
3394,C
3395,N
3396,P
3397,V
3398,F
3399,U
3400,U
3401,F
3402,P
3403,S
3404,Y
3405,G
3406,H
3407,E
3408,T
3409,J
3410,N
3411,F
3412,D
3413,B
3414,X
3415,G
3416,M
3417,E
3418,K
3419,R
3420,K
3421,U
3422,I
3423,S
3424,K
3425,J
3426,S
3427,W
3428,Z
3429,P
3430,R
3431,U
3432,N
3433,H
3434,B
3435,X
3436,Z
3437,S
3438,J
3439,G
3440,O
3441,V
3442,Y
3443,B
3444,V
3445,M
3446,T
3447,U
3448,C
3449,A
3450,C
3451,T
3452,N
3453,Z
3454,M
3455,L
3456,E
3457,J
3458,T
3459,R
3460,J
3461,V
3462,G
3463,Q
3464,W
3465,R
3466,T
3467,X
3468,H
3469,T
3470,Y
3471,N
3472,S
3473,S
3474,A
3475,A
3476,L
3477,W
3478,N
3479,C
3480,I
3481,L
3482,K
3483,X
3484,H
3485,X
3486,R
3487,Y
3488,A
3489,P
3490,M
3491,U
3492,S
3493,A
3494,N
3495,K
3496,X
3497,D
3498,O
3499,E
3500,K
3501,K
3502,S
3503,A
3504,B
3505,Z
3506,K
3507,V
3508,C
3509,R
3510,L
3511,M
3512,O
3513,V
3514,S
3515,P
3516,Y
3517,W
3518,Y
3519,N
3520,O
3521,L
3522,E
3523,V
3524,G
3525,A
3526,N
3527,X
3528,I
3529,F
3530,X
3531,U
3532,V
3533,H
3534,X
3535,U
3536,A
3537,G
3538,S
3539,W
3540,O
3541,C
3542,U
3543,J
3544,D
3545,X
3546,R
3547,J
3548,T
3549,K
3550,W
3551,B
3552,V
3553,O
3554,R
3555,B
3556,M
3557,D
3558,N
3559,N
3560,I
3561,R
3562,C
3563,W
3564,I
3565,R
3566,I
3567,M
3568,F
3569,V
3570,S
3571,X
3572,Z
3573,N
3574,G
3575,G
3576,B
3577,K
3578,G
3579,M
3580,G
3581,M
3582,R
3583,Q
3584,S
3585,F
3586,K
3587,C
3588,V
3589,C
3590,T
3591,T
3592,B
3593,L
3594,C
3595,Q
3596,K
3597,G
3598,A
3599,A
3600,B
3601,I
3602,X
3603,M
3604,V
3605,E
3606,Q
3607,R
3608,W
3609,T
3610,Z
3611,G
3612,W
3613,I
3614,K
3615,G
3616,S
3617,M
3618,C
3619,W
3620,C
3621,G
3622,Y
3623,Z
3624,M
3625,S
3626,K
3627,U
3628,C
3629,C
3630,F
3631,T
3632,V
3633,C
3634,Y
3635,L
3636,C
3637,A
3638,J
3639,W
3640,G
3641,O
3642,Q
3643,B
3644,O
3645,J
3646,S
3647,F
3648,L
3649,T
3650,K
3651,P
3652,C
3653,D
3654,D
3655,N
3656,K
3657,E
3658,V
3659,Z
3660,F
3661,X
3662,X
3663,J
3664,A
3665,K
3666,K
3667,K
3668,L
3669,M
3670,H
3671,F
3672,E
3673,B
3674,G
3675,Y
3676,W
3677,T
3678,Q
3679,S
3680,T
3681,B
3682,G
3683,Y
3684,A
3685,X
3686,V
3687,S
3688,I
3689,Z
3690,B
3691,R
3692,Y
3693,L
3694,U
3695,S
3696,A
3697,D
3698,R
3699,J
3700,A
3701,E
3702,S
3703,E
3704,U
3705,Z
3706,P
3707,C
3708,R
3709,J
3710,H
3711,M
3712,Y
3713,E
3714,O
3715,I
3716,J
3717,I
3718,D
3719,W
3720,W
3721,U
3722,K
3723,Q
3724,V
3725,V
3726,Y
3727,B
3728,Q
3729,A
3730,K
3731,E
3732,G
3733,H
3734,Y
3735,B
3736,Q
3737,F
3738,H
3739,M
3740,B
3741,B
3742,Q
3743,P
3744,U
3745,W
3746,J
3747,P
3748,A
3749,S
3750,D
3751,W
3752,K
3753,W
3754,J
3755,I
3756,Y
3757,V
3758,Y
3759,S
3760,A
3761,E
3762,Q
3763,G
3764,L
3765,H
3766,A
3767,X
3768,C
3769,K
3770,R
3771,C
3772,C
3773,M
3774,I
3775,Y
3776,W
3777,H
3778,T
3779,W
3780,E
3781,P
3782,O
3783,W
3784,X
3785,I
3786,G
3787,D
3788,D
3789,A
3790,T
3791,S
3792,U
3793,C
3794,S
3795,S
3796,D
3797,J
3798,B
3799,X
3800,D
3801,N
3802,V
3803,F
3804,H
3805,Q
3806,Z
3807,T
3808,M
3809,U
3810,J
3811,A
3812,M
3813,G
3814,O
3815,I
3816,Y
3817,B
3818,X
3819,V
3820,D
3821,P
3822,Y
3823,C
3824,A
3825,I
3826,E
3827,Z
3828,S
3829,D
3830,T
3831,K
3832,F
3833,U
3834,C
3835,M
3836,N
3837,I
3838,U
3839,A
3840,H
3841,C
3842,Y
3843,D
3844,X
3845,K
3846,I
3847,Z
3848,W
3849,G
3850,M
3851,L
3852,L
3853,T
3854,N
3855,M
3856,W
3857,W
3858,F
3859,M
3860,S
3861,U
3862,A
3863,E
3864,E
3865,C
3866,J
3867,G
3868,V
3869,G
3870,N
3871,U
3872,H
3873,F
3874,N
3875,V
3876,D
3877,U
3878,A
3879,J
3880,W
3881,N
3882,I
3883,Q
3884,V
3885,T
3886,U
3887,Z
3888,K
3889,N
3890,R
3891,T
3892,G
3893,G
3894,R
3895,Y
3896,I
3897,S
3898,S
3899,E
3900,E
3901,G
3902,R
3903,N
3904,A
3905,P
3906,D
3907,O
3908,B
3909,A
3910,S
3911,S
3912,Q
3913,Q
3914,C
3915,M
3916,O
3917,K
3918,C
3919,Q
3920,V
3921,K
3922,C
3923,J
3924,S
3925,Q
3926,R
3927,T
3928,Q
3929,E
3930,F
3931,K
3932,I
3933,N
3934,R
3935,R
3936,Y
3937,Q
3938,T
3939,M
3940,Z
3941,R
3942,A
3943,D
3944,W
3945,E
3946,M
3947,F
3948,U
3949,Q
3950,K
3951,B
3952,R
3953,T
3954,B
3955,Q
3956,B
3957,R
3958,A
3959,B
3960,C
3961,Z
3962,G
3963,Y
3964,K
3965,I
3966,M
3967,L
3968,X
3969,Q
3970,S
3971,Y
3972,C
3973,S
3974,C
3975,I
3976,Z
3977,Q
3978,O
3979,H
3980,Y
3981,T
3982,T
3983,E
3984,P
3985,R
3986,B
3987,P
3988,R
3989,V
3990,Q
3991,U
3992,F
3993,D
3994,A
3995,N
3996,Y
3997,E
3998,Q
3999,C
4000,E
4001,L
4002,N
4003,A
4004,G
4005,I
4006,R
4007,U
4008,N
4009,X
4010,N
4011,R
4012,S
4013,V
4014,Y
4015,Y
4016,U
4017,H
4018,O
4019,U
4020,X
4021,J
4022,U
4023,F
4024,K
4025,U
4026,J
4027,D
4028,C
4029,U
4030,A
4031,C
4032,I
4033,F
4034,X
4035,G
4036,P
4037,O
4038,Y
4039,P
4040,X
4041,K
4042,N
4043,B
4044,K
4045,Y
4046,Q
4047,P
4048,O
4049,Z
4050,O
4051,D
4052,O
4053,P
4054,F
4055,P
4056,V
4057,A
4058,F
4059,V
4060,F
4061,Z
4062,V
4063,E
4064,Q
4065,U
4066,V
4067,R
4068,N
4069,E
4070,F
4071,W
4072,G
4073,K
4074,M
4075,O
4076,R
4077,C
4078,T
4079,K
4080,L
4081,O
4082,D
4083,A
4084,I
4085,V
4086,N
4087,A
4088,V
4089,R
4090,E
4091,R
4092,X
4093,B
4094,Q
4095,X
4096,I
4097,X
4098,A
4099,T
4100,G
4101,Y
4102,L
4103,R
4104,H
4105,Y
4106,Z
4107,Y
4108,F
4109,T
4110,C
4111,O
4112,L
4113,Q
4114,F
4115,B
4116,W
4117,T
4118,J
4119,F
4120,Y
4121,A
4122,L
4123,B
4124,U
4125,X
4126,F
4127,L
4128,W
4129,Q
4130,V
4131,Z
4132,U
4133,H
4134,D
4135,R
4136,I
4137,P
4138,Z
4139,H
4140,M
4141,E
4142,V
4143,S
4144,A
4145,X
4146,A
4147,E
4148,C
4149,I
4150,P
4151,L
4152,J
4153,E
4154,V
4155,S
4156,W
4157,U
4158,T
4159,Y
4160,R
4161,O
4162,Z
4163,E
4164,Q
4165,G
4166,N
4167,J
4168,Y
4169,S
4170,O
4171,D
4172,I
4173,M
4174,G
4175,U
4176,G
4177,D
4178,T
4179,O
4180,Y
4181,E
4182,I
4183,I
4184,D
4185,W
4186,Q
4187,A
4188,W
4189,K
4190,W
4191,X
4192,K
4193,C
4194,G
4195,E
4196,M
4197,C
4198,H
4199,X
4200,G
4201,V
4202,O
4203,T
4204,G
4205,E
4206,K
4207,B
4208,G
4209,B
4210,J
4211,S
4212,L
4213,F
4214,I
4215,O
4216,Q
4217,G
4218,J
4219,Z
4220,H
4221,J
4222,H
4223,L
4224,W
4225,N
4226,S
4227,U
4228,D
4229,Z
4230,N
4231,T
4232,E
4233,J
4234,U
4235,G
4236,C
4237,C
4238,W
4239,D
4240,D
4241,W
4242,D
4243,S
4244,U
4245,R
4246,M
4247,E
4248,C
4249,R
4250,B
4251,H
4252,O
4253,Q
4254,N
4255,B
4256,F
4257,I
4258,N
4259,K
4260,C
4261,A
4262,X
4263,Y
4264,C
4265,J
4266,W
4267,Y
4268,B
4269,T
4270,B
4271,Y
4272,T
4273,H
4274,R
4275,Z
4276,V
4277,R
4278,E
4279,O
4280,A
4281,Z
4282,C
4283,B
4284,G
4285,F
4286,J
4287,X
4288,T
4289,N
4290,M
4291,G
4292,M
4293,V
4294,L
4295,B
4296,S
4297,A
4298,W
4299,X
4300,V
4301,P
4302,G
4303,T
4304,S
4305,K
4306,Z
4307,H
4308,T
4309,P
4310,I
4311,B
4312,B
4313,L
4314,I
4315,B
4316,R
4317,S
4318,A
4319,A
4320,L
4321,E
4322,D
4323,R
4324,S
4325,D
4326,U
4327,G
4328,V
4329,H
4330,M
4331,B
4332,F
4333,Z
4334,F
4335,B
4336,C
4337,D
4338,W
4339,S
4340,G
4341,W
4342,A
4343,P
4344,L
4345,R
4346,U
4347,A
4348,Y
4349,M
4350,Z
4351,I
4352,U
4353,T
4354,M
4355,U
4356,H
4357,J
4358,S
4359,P
4360,G
4361,C
4362,P
4363,C
4364,H
4365,S
4366,R
4367,V
4368,I
4369,W
4370,O
4371,Z
4372,G
4373,R
4374,G
4375,G
4376,A
4377,J
4378,Y
4379,G
4380,P
4381,V
4382,R
4383,G
4384,E
4385,L
4386,U
4387,H
4388,H
4389,W
4390,S
4391,R
4392,K
4393,B
4394,Z
4395,I
4396,W
4397,A
4398,T
4399,T
4400,D
4401,R
4402,G
4403,O
4404,H
4405,P
4406,H
4407,M
4408,S
4409,B
4410,M
4411,C
4412,S
4413,U
4414,E
4415,L
4416,P
4417,R
4418,P
4419,B
4420,B
4421,N
4422,A
4423,O
4424,B
4425,K
4426,Y
4427,Y
4428,V
4429,Z
4430,X
4431,M
4432,C
4433,P
4434,A
4435,V
4436,E
4437,E
4438,Y
4439,I
4440,O
4441,I
4442,Q
4443,I
4444,L
4445,W
4446,J
4447,N
4448,P
4449,G
4450,E
4451,A
4452,D
4453,B
4454,Z
4455,M
4456,N
4457,C
4458,A
4459,Q
4460,Q
4461,W
4462,N
4463,I
4464,L
4465,E
4466,A
4467,H
4468,Z
4469,E
4470,A
4471,E
4472,N
4473,V
4474,P
4475,X
4476,X
4477,J
4478,T
4479,Y
4480,T
4481,D
4482,E
4483,D
4484,H
4485,H
4486,Y
4487,F
4488,V
4489,P
4490,O
4491,E
4492,B
4493,Q
4494,T
4495,K
4496,M
4497,Z
4498,F
4499,M
4500,U
4501,U
4502,Z
4503,X
4504,L
4505,F
4506,Z
4507,T
4508,N
4509,M
4510,M
4511,D
4512,I
4513,D
4514,D
4515,Z
4516,H
4517,Z
4518,Q
4519,Z
4520,O
4521,R
4522,O
4523,O
4524,D
4525,N
4526,G
4527,C
4528,S
4529,B
4530,M
4531,T
4532,F
4533,L
4534,A
4535,H
4536,M
4537,N
4538,D
4539,X
4540,B
4541,V
4542,A
4543,R
4544,Q
4545,R
4546,Y
4547,Z
4548,A
4549,G
4550,A
4551,M
4552,K
4553,E
4554,X
4555,X
4556,R
4557,W
4558,N
4559,K
4560,J
4561,D
4562,F
4563,C
4564,X
4565,O
4566,G
4567,D
4568,D
4569,Y
4570,N
4571,C
4572,Q
4573,K
4574,P
4575,G
4576,I
4577,X
4578,F
4579,W
4580,P
4581,M
4582,B
4583,D
4584,O
4585,F
4586,B
4587,I
4588,X
4589,P
4590,G
4591,V
4592,I
4593,J
4594,Y
4595,X
4596,O
4597,O
4598,X
4599,G
4600,G
4601,C
4602,R
4603,R
4604,K
4605,K
4606,E
4607,R
4608,K
4609,Z
4610,A
4611,A
4612,G
4613,G
4614,V
4615,S
4616,K
4617,L
4618,T
4619,R
4620,S
4621,X
4622,J
4623,K
4624,B
4625,A
4626,M
4627,G
4628,N
4629,B
4630,F
4631,O
4632,Z
4633,N
4634,Z
4635,B
4636,V
4637,K
4638,Y
4639,C
4640,M
4641,E
4642,P
4643,D
4644,Z
4645,K
4646,Z
4647,C
4648,W
4649,S
4650,W
4651,U
4652,N
4653,X
4654,V
4655,D
4656,G
4657,I
4658,Y
4659,U
4660,O
4661,K
4662,C
4663,O
4664,V
4665,H
4666,G
4667,B
4668,V
4669,I
4670,W
4671,X
4672,J
4673,T
4674,I
4675,T
4676,W
4677,Y
4678,J
4679,N
4680,K
4681,J
4682,J
4683,U
4684,F
4685,X
4686,H
4687,M
4688,B
4689,K
4690,T
4691,Z
4692,U
4693,G
4694,S
4695,G
4696,D
4697,Y
4698,R
4699,J
4700,S
4701,I
4702,X
4703,D
4704,U
4705,Z
4706,G
4707,Q
4708,T
4709,P
4710,P
4711,C
4712,A
4713,B
4714,X
4715,D
4716,H
4717,B
4718,P
4719,R
4720,E
4721,X
4722,Y
4723,P
4724,T
4725,T
4726,W
4727,N
4728,K
4729,Y
4730,L
4731,I
4732,S
4733,T
4734,W
4735,L
4736,P
4737,W
4738,K
4739,O
4740,N
4741,V
4742,L
4743,I
4744,F
4745,X
4746,H
4747,I
4748,V
4749,F
4750,U
4751,Q
4752,C
4753,T
4754,T
4755,O
4756,S
4757,D
4758,P
4759,Q
4760,M
4761,G
4762,I
4763,P
4764,J
4765,R
4766,Z
4767,K
4768,E
4769,L
4770,X
4771,N
4772,C
4773,F
4774,T
4775,P
4776,W
4777,Y
4778,Q
4779,M
4780,E
4781,Y
4782,H
4783,B
4784,E
4785,R
4786,V
4787,M
4788,K
4789,J
4790,I
4791,D
4792,B
4793,M
4794,B
4795,P
4796,R
4797,D
4798,G
4799,G
4800,N
4801,R
4802,O
4803,X
4804,J
4805,R
4806,N
4807,G
4808,X
4809,G
4810,V
4811,Z
4812,Z
4813,J
4814,I
4815,E
4816,A
4817,O
4818,Q
4819,K
4820,Y
4821,I
4822,U
4823,K
4824,W
4825,U
4826,X
4827,Q
4828,W
4829,W
4830,V
4831,W
4832,X
4833,W
4834,X
4835,T
4836,Z
4837,A
4838,R
4839,H
4840,R
4841,I
4842,X
4843,M
4844,T
4845,A
4846,O
4847,J
4848,F
4849,O
4850,S
4851,D
4852,T
4853,O
4854,X
4855,W
4856,U
4857,O
4858,U
4859,V
4860,H
4861,Q
4862,V
4863,T
4864,T
4865,K
4866,Z
4867,F
4868,L
4869,X
4870,K
4871,X
4872,E
4873,I
4874,X
4875,E
4876,V
4877,P
4878,E
4879,A
4880,C
4881,J
4882,F
4883,A
4884,E
4885,D
4886,N
4887,T
4888,V
4889,I
4890,G
4891,U
4892,D
4893,T
4894,S
4895,B
4896,C
4897,A
4898,T
4899,F
4900,E
4901,B
4902,A
4903,Y
4904,C
4905,T
4906,C
4907,O
4908,O
4909,B
4910,S
4911,U
4912,G
4913,K
4914,G
4915,O
4916,D
4917,T
4918,D
4919,D
4920,O
4921,M
4922,U
4923,S
4924,Q
4925,U
4926,O
4927,P
4928,C
4929,V
4930,S
4931,N
4932,M
4933,P
4934,N
4935,Y
4936,N
4937,G
4938,D
4939,Y
4940,C
4941,L
4942,B
4943,U
4944,G
4945,X
4946,X
4947,E
4948,T
4949,L
4950,O
4951,X
4952,M
4953,X
4954,D
4955,W
4956,W
4957,H
4958,A
4959,N
4960,K
4961,H
4962,B
4963,U
4964,E
4965,O
4966,H
4967,K
4968,M
4969,N
4970,A
4971,V
4972,Y
4973,B
4974,O
4975,J
4976,J
4977,T
4978,X
4979,P
4980,X
4981,L
4982,V
4983,F
4984,W
4985,N
4986,G
4987,V
4988,H
4989,N
4990,S
4991,H
4992,Z
4993,S
4994,X
4995,R
4996,F
4997,C
4998,M
4999,M
5000,I
5001,S
5002,A
5003,M
5004,Y
5005,E
5006,M
5007,F
5008,W
5009,D
5010,U
5011,Y
5012,W
5013,W
5014,J
5015,O
5016,I
5017,U
5018,O
5019,Q
5020,J
5021,K
5022,Y
5023,O
5024,G
5025,B
5026,F
5027,T
5028,F
5029,P
5030,G
5031,S
5032,F
5033,J
5034,D
5035,T
5036,M
5037,M
5038,Z
5039,Y
5040,M
5041,M
5042,D
5043,P
5044,Z
5045,M
5046,D
5047,D
5048,M
5049,E
5050,D
5051,W
5052,F
5053,F
5054,Q
5055,T
5056,Z
5057,D
5058,A
5059,G
5060,J
5061,Q
5062,T
5063,M
5064,V
5065,J
5066,G
5067,R
5068,T
5069,D
5070,X
5071,C
5072,E
5073,M
5074,K
5075,Y
5076,K
5077,Z
5078,V
5079,P
5080,C
5081,U
5082,Y
5083,C
5084,W
5085,N
5086,I
5087,U
5088,Y
5089,N
5090,A
5091,J
5092,I
5093,Q
5094,F
5095,Y
5096,G
5097,V
5098,C
5099,T
5100,S
5101,A
5102,L
5103,T
5104,E
5105,N
5106,G
5107,G
5108,A
5109,O
5110,K
5111,E
5112,U
5113,C
5114,Q
5115,S
5116,S
5117,U
5118,E
5119,Z
5120,K
5121,Q
5122,H
5123,M
5124,F
5125,X
5126,Q
5127,U
5128,X
5129,L
5130,W
5131,M
5132,W
5133,C
5134,C
5135,E
5136,F
5137,F
5138,S
5139,D
5140,E
5141,D
5142,H
5143,N
5144,R
5145,Y
5146,Q
5147,O
5148,P
5149,T
5150,U
5151,C
5152,J
5153,Y
5154,E
5155,V
5156,S
5157,G
5158,Y
5159,I
5160,M
5161,R
5162,Y
5163,Q
5164,F
5165,P
5166,N
5167,G
5168,I
5169,O
5170,E
5171,T
5172,C
5173,D
5174,I
5175,X
5176,S
5177,R
5178,E
5179,J
5180,N
5181,L
5182,L
5183,O
5184,H
5185,Q
5186,Z
5187,G
5188,L
5189,O
5190,B
5191,T
5192,T
5193,U
5194,Z
5195,D
5196,M
5197,R
5198,X
5199,S
5200,X
5201,E
5202,Z
5203,P
5204,V
5205,Z
5206,B
5207,K
5208,A
5209,J
5210,S
5211,Q
5212,K
5213,O
5214,S
5215,A
5216,O
5217,D
5218,A
5219,U
5220,W
5221,Z
5222,G
5223,S
5224,K
5225,X
5226,C
5227,B
5228,I
5229,K
5230,D
5231,G
5232,S
5233,Y
5234,S
5235,O
5236,S
5237,Q
5238,M
5239,K
5240,G
5241,Q
5242,Z
5243,L
5244,G
5245,R
5246,I
5247,U
5248,S
5249,L
5250,T
5251,X
5252,N
5253,Z
5254,W
5255,Q
5256,R
5257,M
5258,K
5259,X
5260,C
5261,U
5262,S
5263,B
5264,V
5265,A
5266,I
5267,W
5268,M
5269,V
5270,A
5271,F
5272,X
5273,G
5274,I
5275,I
5276,A
5277,F
5278,L
5279,S
5280,L
5281,L
5282,T
5283,C
5284,O
5285,C
5286,U
5287,M
5288,E
5289,X
5290,J
5291,M
5292,Y
5293,E
5294,P
5295,P
5296,F
5297,T
5298,V
5299,G
5300,B
5301,Z
5302,G
5303,I
5304,G
5305,Y
5306,Z
5307,I
5308,O
5309,R
5310,F
5311,Q
5312,Z
5313,E
5314,K
5315,Q
5316,I
5317,G
5318,O
5319,M
5320,X
5321,C
5322,U
5323,H
5324,E
5325,D
5326,J
5327,F
5328,K
5329,S
5330,Z
5331,N
5332,Y
5333,H
5334,V
5335,M
5336,X
5337,I
5338,W
5339,E
5340,W
5341,A
5342,A
5343,D
5344,V
5345,A
5346,H
5347,I
5348,V
5349,D
5350,H
5351,D
5352,L
5353,J
5354,H
5355,R
5356,K
5357,M
5358,D
5359,D
5360,L
5361,R
5362,M
5363,T
5364,P
5365,G
5366,W
5367,H
5368,U
5369,R
5370,N
5371,R
5372,G
5373,Y
5374,K
5375,W
5376,J
5377,O
5378,V
5379,D
5380,P
5381,J
5382,O
5383,D
5384,N
5385,U
5386,B
5387,B
5388,L
5389,H
5390,O
5391,D
5392,P
5393,F
5394,N
5395,P
5396,C
5397,N
5398,G
5399,E
5400,D
5401,V
5402,H
5403,W
5404,J
5405,E
5406,U
5407,W
5408,Z
5409,Q
5410,O
5411,D
5412,I
5413,Y
5414,Z
5415,P
5416,X
5417,L
5418,R
5419,R
5420,G
5421,M
5422,T
5423,F
5424,Q
5425,J
5426,K
5427,N
5428,V
5429,I
5430,G
5431,A
5432,Y
5433,E
5434,I
5435,K
5436,T
5437,N
5438,Y
5439,G
5440,V
5441,D
5442,W
5443,L
5444,U
5445,Z
5446,A
5447,O
5448,J
5449,S
5450,T
5451,M
5452,R
5453,I
5454,K
5455,I
5456,B
5457,N
5458,E
5459,X
5460,Z
5461,B
5462,R
5463,C
5464,Z
5465,H
5466,J
5467,I
5468,N
5469,R
5470,O
5471,A
5472,F
5473,K
5474,V
5475,D
5476,J
5477,R
5478,S
5479,U
5480,G
5481,R
5482,Y
5483,Y
5484,W
5485,Q
5486,Y
5487,P
5488,O
5489,O
5490,V
5491,C
5492,V
5493,M
5494,D
5495,O
5496,I
5497,K
5498,V
5499,W
5500,C
5501,Z
5502,C
5503,T
5504,Y
5505,V
5506,O
5507,X
5508,F
5509,A
5510,X
5511,Z
5512,J
5513,W
5514,E
5515,W
5516,I
5517,G
5518,M
5519,D
5520,P
5521,P
5522,B
5523,V
5524,Y
5525,Y
5526,B
5527,E
5528,T
5529,O
5530,D
5531,F
5532,Q
5533,R
5534,A
5535,K
5536,A
5537,D
5538,Z
5539,A
5540,I
5541,R
5542,A
5543,B
5544,I
5545,M
5546,W
5547,H
5548,C
5549,Z
5550,Y
5551,P
5552,D
5553,V
5554,G
5555,K
5556,K
5557,O
5558,F
5559,N
5560,V
5561,C
5562,Q
5563,Q
5564,W
5565,G
5566,O
5567,E
5568,N
5569,H
5570,X
5571,D
5572,B
5573,P
5574,U
5575,B
5576,N
5577,Z
5578,O
5579,Z
5580,P
5581,H
5582,D
5583,N
5584,R
5585,S
5586,N
5587,M
5588,A
5589,B
5590,I
5591,N
5592,U
5593,E
5594,Z
5595,V
5596,O
5597,B
5598,V
5599,E
5600,T
5601,W
5602,N
5603,E
5604,N
5605,M
5606,C
5607,D
5608,O
5609,K
5610,C
5611,I
5612,M
5613,Z
5614,B
5615,S
5616,Y
5617,U
5618,D
5619,A
5620,C
5621,X
5622,R
5623,W
5624,C
5625,V
5626,M
5627,Q
5628,U
5629,J
5630,R
5631,U
5632,F
5633,Y
5634,A
5635,S
5636,U
5637,P
5638,B
5639,W
5640,I
5641,V
5642,N
5643,O
5644,K
5645,I
5646,K
5647,X
5648,R
5649,D
5650,O
5651,Q
5652,F
5653,A
5654,P
5655,X
5656,E
5657,N
5658,R
5659,U
5660,Q
5661,K
5662,U
5663,D
5664,R
5665,R
5666,J
5667,X
5668,C
5669,V
5670,L
5671,U
5672,L
5673,Y
5674,Y
5675,H
5676,Q
5677,M
5678,R
5679,A
5680,V
5681,E
5682,H
5683,L
5684,A
5685,C
5686,K
5687,V
5688,E
5689,W
5690,T
5691,Z
5692,K
5693,X
5694,Y
5695,P
5696,L
5697,F
5698,L
5699,Y
5700,C
5701,M
5702,O
5703,Q
5704,X
5705,E
5706,I
5707,X
5708,Y
5709,B
5710,J
5711,A
5712,O
5713,Y
5714,H
5715,A
5716,G
5717,C
5718,Q
5719,E
5720,F
5721,G
5722,N
5723,I
5724,Y
5725,Y
5726,T
5727,R
5728,E
5729,S
5730,A
5731,O
5732,K
5733,A
5734,D
5735,R
5736,Y
5737,K
5738,T
5739,T
5740,Y
5741,T
5742,K
5743,U
5744,R
5745,U
5746,Y
5747,O
5748,J
5749,W
5750,Y
5751,Q
5752,Z
5753,P
5754,C
5755,F
5756,E
5757,S
5758,G
5759,Y
5760,O
5761,F
5762,B
5763,V
5764,L
5765,W
5766,A
5767,B
5768,A
5769,U
5770,U
5771,V
5772,P
5773,S
5774,A
5775,O
5776,Q
5777,P
5778,T
5779,X
5780,V
5781,I
5782,J
5783,S
5784,M
5785,B
5786,H
5787,Y
5788,Y
5789,M
5790,L
5791,D
5792,K
5793,G
5794,N
5795,R
5796,T
5797,T
5798,K
5799,M
5800,H
5801,O
5802,R
5803,M
5804,V
5805,R
5806,T
5807,J
5808,Q
5809,G
5810,F
5811,G
5812,L
5813,T
5814,D
5815,U
5816,M
5817,K
5818,X
5819,Y
5820,S
5821,C
5822,Z
5823,R
5824,K
5825,Q
5826,G
5827,P
5828,N
5829,J
5830,U
5831,A
5832,W
5833,L
5834,Q
5835,J
5836,N
5837,V
5838,V
5839,T
5840,J
5841,R
5842,G
5843,M
5844,B
5845,D
5846,G
5847,A
5848,S
5849,K
5850,Z
5851,Q
5852,N
5853,U
5854,R
5855,Y
5856,Z
5857,F
5858,A
5859,O
5860,E
5861,N
5862,W
5863,L
5864,M
5865,B
5866,T
5867,M
5868,M
5869,X
5870,Q
5871,E
5872,C
5873,F
5874,Q
5875,N
5876,S
5877,G
5878,U
5879,X
5880,N
5881,O
5882,R
5883,U
5884,Q
5885,Z
5886,L
5887,I
5888,K
5889,G
5890,Y
5891,T
5892,X
5893,L
5894,S
5895,N
5896,Q
5897,O
5898,R
5899,K
5900,W
5901,Y
5902,J
5903,H
5904,N
5905,C
5906,R
5907,I
5908,F
5909,T
5910,D
5911,D
5912,J
5913,Z
5914,E
5915,Z
5916,E
5917,I
5918,K
5919,G
5920,O
5921,M
5922,C
5923,J
5924,F
5925,O
5926,D
5927,T
5928,P
5929,R
5930,K
5931,P
5932,T
5933,F
5934,O
5935,M
5936,I
5937,X
5938,U
5939,G
5940,P
5941,E
5942,L
5943,B
5944,U
5945,Y
5946,F
5947,V
5948,P
5949,Q
5950,Z
5951,Y
5952,M
5953,V
5954,R
5955,I
5956,N
5957,K
5958,Y
5959,T
5960,Y
5961,B
5962,E
5963,L
5964,Z
5965,D
5966,Y
5967,X
5968,X
5969,R
5970,B
5971,Q
5972,R
5973,G
5974,L
5975,D
5976,Y
5977,J
5978,U
5979,E
5980,L
5981,F
5982,Q
5983,K
5984,A
5985,Q
5986,N
5987,E
5988,X
5989,Z
5990,Z
5991,F
5992,Q
5993,Y
5994,Y
5995,J
5996,G
5997,Q
5998,W
5999,Y
6000,L
6001,Y
6002,H
6003,B
6004,U
6005,L
6006,F
6007,M
6008,H
6009,H
6010,Q
6011,H
6012,G
6013,O
6014,F
6015,R
6016,G
6017,Q
6018,R
6019,C
6020,W
6021,A
6022,X
6023,C
6024,E
6025,E
6026,W
6027,F
6028,B
6029,N
6030,I
6031,D
6032,C
6033,S
6034,M
6035,S
6036,P
6037,B
6038,Q
6039,V
6040,C
6041,D
6042,M
6043,Y
6044,G
6045,G
6046,W
6047,B
6048,F
6049,G
6050,E
6051,C
6052,L
6053,D
6054,R
6055,O
6056,A
6057,J
6058,U
6059,V
6060,F
6061,L
6062,J
6063,G
6064,W
6065,Y
6066,K
6067,R
6068,P
6069,Z
6070,U
6071,Q
6072,R
6073,K
6074,T
6075,Y
6076,D
6077,F
6078,W
6079,H
6080,P
6081,J
6082,S
6083,S
6084,A
6085,S
6086,E
6087,B
6088,D
6089,R
6090,T
6091,X
6092,N
6093,J
6094,I
6095,Q
6096,G
6097,X
6098,Z
6099,E
6100,S
6101,B
6102,G
6103,L
6104,N
6105,E
6106,G
6107,X
6108,M
6109,I
6110,L
6111,J
6112,J
6113,O
6114,P
6115,C
6116,Q
6117,V
6118,G
6119,V
6120,Z
6121,R
6122,Y
6123,O
6124,H
6125,U
6126,N
6127,I
6128,M
6129,H
6130,J
6131,W
6132,Q
6133,K
6134,N
6135,R
6136,E
6137,Z
6138,T
6139,I
6140,D
6141,S
6142,Z
6143,R
6144,J
6145,R
6146,B
6147,I
6148,Z
6149,H
6150,I
6151,B
6152,L
6153,H
6154,K
6155,W
6156,Y
6157,B
6158,P
6159,R
6160,P
6161,K
6162,L
6163,N
6164,C
6165,I
6166,H
6167,G
6168,M
6169,I
6170,K
6171,R
6172,N
6173,B
6174,D
6175,C
6176,E
6177,G
6178,H
6179,H
6180,H
6181,Y
6182,A
6183,H
6184,S
6185,F
6186,M
6187,X
6188,L
6189,X
6190,Y
6191,I
6192,F
6193,P
6194,P
6195,S
6196,U
6197,F
6198,W
6199,M
6200,P
6201,C
6202,A
6203,A
6204,R
6205,S
6206,L
6207,C
6208,Z
6209,L
6210,R
6211,T
6212,H
6213,D
6214,P
6215,L
6216,Y
6217,Z
6218,E
6219,N
6220,Y
6221,B
6222,Q
6223,F
6224,Q
6225,Y
6226,H
6227,V
6228,Q
6229,N
6230,U
6231,R
6232,Y
6233,Q
6234,Y
6235,W
6236,Y
6237,T
6238,W
6239,X
6240,V
6241,T
6242,U
6243,F
6244,V
6245,S
6246,G
6247,O
6248,O
6249,C
6250,L
6251,H
6252,E
6253,H
6254,U
6255,D
6256,I
6257,W
6258,B
6259,S
6260,P
6261,M
6262,L
6263,D
6264,X
6265,N
6266,P
6267,W
6268,Y
6269,J
6270,O
6271,F
6272,Q
6273,A
6274,P
6275,Y
6276,W
6277,R
6278,W
6279,B
6280,B
6281,B
6282,O
6283,O
6284,Q
6285,E
6286,P
6287,I
6288,W
6289,I
6290,R
6291,L
6292,C
6293,V
6294,T
6295,T
6296,D
6297,Q
6298,A
6299,T
6300,T
6301,S
6302,M
6303,K
6304,Z
6305,N
6306,A
6307,N
6308,K
6309,S
6310,W
6311,F
6312,X
6313,A
6314,P
6315,S
6316,O
6317,Z
6318,A
6319,V
6320,V
6321,R
6322,K
6323,C
6324,O
6325,A
6326,N
6327,S
6328,U
6329,V
6330,L
6331,Y
6332,Z
6333,Z
6334,E
6335,Z
6336,E
6337,E
6338,Y
6339,S
6340,G
6341,X
6342,B
6343,A
6344,R
6345,F
6346,C
6347,P
6348,M
6349,K
6350,V
6351,R
6352,N
6353,G
6354,L
6355,A
6356,L
6357,T
6358,Q
6359,T
6360,R
6361,Q
6362,P
6363,T
6364,O
6365,X
6366,G
6367,T
6368,S
6369,Q
6370,R
6371,O
6372,A
6373,F
6374,Y
6375,T
6376,C
6377,O
6378,D
6379,M
6380,Z
6381,A
6382,A
6383,I
6384,E
6385,N
6386,K
6387,V
6388,X
6389,D
6390,S
6391,F
6392,Q
6393,E
6394,U
6395,X
6396,Q
6397,H
6398,H
6399,A
6400,J
6401,W
6402,L
6403,D
6404,K
6405,M
6406,O
6407,G
6408,X
6409,D
6410,C
6411,L
6412,F
6413,X
6414,C
6415,A
6416,S
6417,L
6418,L
6419,H
6420,V
6421,D
6422,D
6423,X
6424,L
6425,S
6426,K
6427,C
6428,F
6429,V
6430,X
6431,H
6432,L
6433,U
6434,B
6435,B
6436,X
6437,S
6438,F
6439,H
6440,K
6441,A
6442,G
6443,G
6444,B
6445,B
6446,D
6447,I
6448,U
6449,Z
6450,A
6451,W
6452,X
6453,H
6454,G
6455,A
6456,A
6457,Y
6458,H
6459,U
6460,Y
6461,K
6462,Y
6463,Q
6464,Y
6465,Q
6466,V
6467,O
6468,H
6469,S
6470,O
6471,V
6472,S
6473,Q
6474,C
6475,N
6476,D
6477,F
6478,I
6479,J
6480,L
6481,T
6482,G
6483,V
6484,F
6485,X
6486,A
6487,V
6488,D
6489,F
6490,D
6491,J
6492,B
6493,R
6494,F
6495,L
6496,Z
6497,Z
6498,D
6499,N
6500,O
6501,N
6502,H
6503,T
6504,V
6505,B
6506,X
6507,V
6508,V
6509,D
6510,C
6511,X
6512,L
6513,C
6514,F
6515,H
6516,V
6517,R
6518,N
6519,G
6520,Q
6521,I
6522,C
6523,F
6524,S
6525,X
6526,W
6527,R
6528,F
6529,Y
6530,Y
6531,H
6532,T
6533,R
6534,D
6535,R
6536,I
6537,A
6538,Q
6539,H
6540,F
6541,X
6542,F
6543,M
6544,N
6545,M
6546,H
6547,K
6548,F
6549,G
6550,A
6551,J
6552,R
6553,F
6554,G
6555,O
6556,N
6557,G
6558,W
6559,Y
6560,W
6561,X
6562,J
6563,J
6564,L
6565,H
6566,M
6567,L
6568,H
6569,X
6570,L
6571,O
6572,D
6573,Q
6574,G
6575,Y
6576,C
6577,X
6578,R
6579,P
6580,R
6581,W
6582,P
6583,N
6584,F
6585,G
6586,J
6587,K
6588,Q
6589,Y
6590,M
6591,C
6592,I
6593,A
6594,A
6595,K
6596,V
6597,A
6598,H
6599,U
6600,J
6601,X
6602,P
6603,D
6604,F
6605,N
6606,B
6607,F
6608,A
6609,B
6610,Z
6611,V
6612,N
6613,H
6614,D
6615,M
6616,K
6617,R
6618,L
6619,P
6620,P
6621,O
6622,M
6623,B
6624,M
6625,Y
6626,X
6627,M
6628,A
6629,Q
6630,R
6631,J
6632,O
6633,U
6634,V
6635,V
6636,K
6637,R
6638,N
6639,T
6640,H
6641,R
6642,V
6643,I
6644,O
6645,O
6646,A
6647,E
6648,M
6649,T
6650,I
6651,D
6652,G
6653,A
6654,T
6655,P
6656,H
6657,Q
6658,Y
6659,L
6660,U
6661,U
6662,G
6663,E
6664,Y
6665,K
6666,Z
6667,E
6668,A
6669,D
6670,T
6671,W
6672,F
6673,D
6674,R
6675,F
6676,O
6677,H
6678,T
6679,K
6680,B
6681,V
6682,T
6683,U
6684,N
6685,H
6686,B
6687,Y
6688,F
6689,J
6690,V
6691,V
6692,U
6693,Z
6694,N
6695,R
6696,T
6697,N
6698,I
6699,Z
6700,G
6701,J
6702,C
6703,C
6704,C
6705,N
6706,U
6707,N
6708,E
6709,Q
6710,I
6711,P
6712,K
6713,X
6714,U
6715,A
6716,Z
6717,I
6718,S
6719,N
6720,X
6721,V
6722,I
6723,A
6724,K
6725,P
6726,Z
6727,U
6728,V
6729,F
6730,T
6731,M
6732,Y
6733,H
6734,H
6735,S
6736,M
6737,C
6738,V
6739,J
6740,E
6741,K
6742,K
6743,G
6744,D
6745,P
6746,K
6747,M
6748,D
6749,C
6750,O
6751,H
6752,I
6753,G
6754,Y
6755,D
6756,K
6757,S
6758,T
6759,S
6760,Z
6761,Q
6762,R
6763,H
6764,N
6765,R
6766,K
6767,U
6768,S
6769,S
6770,C
6771,J
6772,X
6773,K
6774,P
6775,V
6776,O
6777,W
6778,U
6779,T
6780,X
6781,X
6782,G
6783,M
6784,A
6785,M
6786,B
6787,S
6788,O
6789,I
6790,M
6791,N
6792,D
6793,S
6794,B
6795,G
6796,V
6797,U
6798,R
6799,Y
6800,S
6801,O
6802,U
6803,S
6804,H
6805,C
6806,M
6807,Y
6808,F
6809,O
6810,W
6811,T
6812,C
6813,H
6814,S
6815,Y
6816,C
6817,L
6818,P
6819,U
6820,K
6821,K
6822,U
6823,U
6824,M
6825,U
6826,H
6827,T
6828,I
6829,E
6830,O
6831,E
6832,W
6833,X
6834,X
6835,M
6836,I
6837,Z
6838,M
6839,M
6840,E
6841,R
6842,L
6843,Q
6844,C
6845,O
6846,J
6847,K
6848,R
6849,F
6850,P
6851,N
6852,R
6853,W
6854,B
6855,F
6856,P
6857,O
6858,M
6859,M
6860,C
6861,N
6862,N
6863,R
6864,Z
6865,E
6866,X
6867,G
6868,A
6869,F
6870,C
6871,K
6872,R
6873,N
6874,F
6875,C
6876,J
6877,M
6878,X
6879,U
6880,W
6881,D
6882,Y
6883,F
6884,V
6885,G
6886,K
6887,J
6888,J
6889,N
6890,V
6891,T
6892,A
6893,Z
6894,W
6895,X
6896,N
6897,J
6898,M
6899,Z
6900,F
6901,R
6902,B
6903,V
6904,U
6905,T
6906,S
6907,O
6908,W
6909,N
6910,L
6911,Q
6912,C
6913,B
6914,Z
6915,J
6916,D
6917,J
6918,Z
6919,Y
6920,U
6921,J
6922,N
6923,S
6924,I
6925,J
6926,A
6927,Q
6928,D
6929,D
6930,D
6931,B
6932,S
6933,X
6934,X
6935,F
6936,P
6937,V
6938,A
6939,Z
6940,I
6941,G
6942,J
6943,I
6944,D
6945,Y
6946,W
6947,O
6948,C
6949,Z
6950,J
6951,Q
6952,C
6953,W
6954,Q
6955,B
6956,B
6957,I
6958,Y
6959,L
6960,K
6961,O
6962,V
6963,W
6964,R
6965,E
6966,M
6967,P
6968,F
6969,I
6970,R
6971,N
6972,D
6973,N
6974,W
6975,F
6976,N
6977,L
6978,K
6979,S
6980,E
6981,N
6982,N
6983,E
6984,E
6985,G
6986,D
6987,N
6988,E
6989,I
6990,N
6991,F
6992,S
6993,N
6994,G
6995,I
6996,R
6997,B
6998,T
6999,Q
7000,P
7001,Y
7002,H
7003,M
7004,X
7005,X
7006,I
7007,T
7008,A
7009,V
7010,S
7011,D
7012,K
7013,C
7014,E
7015,G
7016,P
7017,D
7018,E
7019,T
7020,O
7021,H
7022,J
7023,N
7024,Z
7025,F
7026,V
7027,W
7028,V
7029,U
7030,J
7031,N
7032,H
7033,E
7034,S
7035,F
7036,H
7037,T
7038,H
7039,R
7040,D
7041,D
7042,C
7043,O
7044,A
7045,C
7046,Z
7047,I
7048,Z
7049,T
7050,M
7051,P
7052,K
7053,W
7054,O
7055,L
7056,F
7057,X
7058,V
7059,W
7060,I
7061,Y
7062,W
7063,E
7064,U
7065,T
7066,Z
7067,U
7068,E
7069,E
7070,P
7071,X
7072,A
7073,B
7074,Z
7075,G
7076,T
7077,C
7078,M
7079,J
7080,P
7081,V
7082,L
7083,W
7084,D
7085,K
7086,V
7087,R
7088,G
7089,N
7090,X
7091,L
7092,O
7093,M
7094,V
7095,C
7096,I
7097,O
7098,N
7099,T
7100,A
7101,F
7102,J
7103,M
7104,P
7105,N
7106,M
7107,F
7108,X
7109,L
7110,D
7111,I
7112,C
7113,W
7114,K
7115,L
7116,W
7117,B
7118,O
7119,H
7120,W
7121,S
7122,V
7123,N
7124,E
7125,G
7126,Y
7127,R
7128,H
7129,J
7130,T
7131,M
7132,F
7133,I
7134,Y
7135,C
7136,J
7137,T
7138,E
7139,H
7140,P
7141,G
7142,W
7143,L
7144,N
7145,C
7146,U
7147,W
7148,U
7149,U
7150,Z
7151,M
7152,W
7153,F
7154,F
7155,O
7156,V
7157,P
7158,A
7159,N
7160,T
7161,W
7162,B
7163,R
7164,U
7165,E
7166,G
7167,D
7168,N
7169,R
7170,W
7171,A
7172,Z
7173,J
7174,Z
7175,F
7176,K
7177,C
7178,R
7179,Z
7180,T
7181,Y
7182,M
7183,I
7184,X
7185,O
7186,X
7187,A
7188,E
7189,O
7190,O
7191,B
7192,U
7193,V
7194,F
7195,K
7196,X
7197,V
7198,K
7199,Y
7200,A
7201,R
7202,W
7203,K
7204,Z
7205,T
7206,Z
7207,R
7208,H
7209,Y
7210,C
7211,C
7212,F
7213,M
7214,S
7215,S
7216,L
7217,N
7218,M
7219,T
7220,J
7221,C
7222,J
7223,W
7224,K
7225,R
7226,K
7227,V
7228,J
7229,I
7230,X
7231,I
7232,H
7233,J
7234,S
7235,K
7236,G
7237,V
7238,T
7239,J
7240,B
7241,U
7242,K
7243,Q
7244,I
7245,N
7246,C
7247,Y
7248,Z
7249,K
7250,Z
7251,C
7252,I
7253,T
7254,N
7255,V
7256,H
7257,P
7258,F
7259,E
7260,C
7261,P
7262,Z
7263,S
7264,R
7265,L
7266,H
7267,E
7268,G
7269,O
7270,Q
7271,R
7272,E
7273,Y
7274,G
7275,P
7276,E
7277,R
7278,I
7279,S
7280,E
7281,J
7282,P
7283,F
7284,V
7285,S
7286,L
7287,L
7288,M
7289,A
7290,G
7291,I
7292,W
7293,C
7294,T
7295,C
7296,K
7297,U
7298,I
7299,R
7300,U
7301,D
7302,H
7303,I
7304,O
7305,Z
7306,H
7307,R
7308,W
7309,R
7310,H
7311,I
7312,B
7313,J
7314,S
7315,I
7316,B
7317,U
7318,C
7319,O
7320,C
7321,Z
7322,B
7323,M
7324,F
7325,F
7326,P
7327,Q
7328,E
7329,I
7330,W
7331,A
7332,K
7333,S
7334,T
7335,F
7336,O
7337,B
7338,R
7339,M
7340,V
7341,P
7342,W
7343,G
7344,B
7345,O
7346,C
7347,O
7348,I
7349,E
7350,N
7351,M
7352,Y
7353,W
7354,S
7355,U
7356,M
7357,V
7358,W
7359,Z
7360,F
7361,R
7362,F
7363,L
7364,A
7365,Z
7366,M
7367,W
7368,L
7369,T
7370,Y
7371,T
7372,C
7373,B
7374,C
7375,L
7376,D
7377,E
7378,X
7379,L
7380,V
7381,S
7382,K
7383,A
7384,R
7385,U
7386,N
7387,W
7388,F
7389,I
7390,F
7391,S
7392,O
7393,J
7394,K
7395,O
7396,Y
7397,L
7398,G
7399,Q
7400,L
7401,R
7402,G
7403,N
7404,V
7405,S
7406,J
7407,O
7408,E
7409,M
7410,A
7411,T
7412,X
7413,V
7414,U
7415,E
7416,T
7417,Z
7418,K
7419,C
7420,F
7421,P
7422,G
7423,N
7424,O
7425,L
7426,I
7427,Q
7428,M
7429,M
7430,I
7431,T
7432,B
7433,S
7434,C
7435,C
7436,D
7437,G
7438,J
7439,R
7440,K
7441,X
7442,H
7443,W
7444,E
7445,Z
7446,E
7447,Y
7448,Q
7449,V
7450,J
7451,M
7452,X
7453,K
7454,V
7455,N
7456,M
7457,I
7458,D
7459,L
7460,A
7461,Z
7462,E
7463,K
7464,L
7465,X
7466,U
7467,W
7468,D
7469,R
7470,F
7471,W
7472,U
7473,E
7474,O
7475,G
7476,G
7477,R
7478,W
7479,Z
7480,R
7481,U
7482,J
7483,J
7484,A
7485,K
7486,B
7487,Y
7488,H
7489,N
7490,S
7491,G
7492,X
7493,V
7494,N
7495,I
7496,H
7497,G
7498,S
7499,D
7500,B
7501,H
7502,K
7503,L
7504,J
7505,A
7506,R
7507,X
7508,L
7509,W
7510,X
7511,L
7512,L
7513,U
7514,C
7515,R
7516,K
7517,U
7518,O
7519,T
7520,A
7521,Z
7522,C
7523,N
7524,M
7525,K
7526,I
7527,C
7528,T
7529,V
7530,Q
7531,A
7532,S
7533,R
7534,O
7535,D
7536,L
7537,V
7538,G
7539,E
7540,B
7541,H
7542,Q
7543,M
7544,E
7545,Z
7546,Z
7547,W
7548,R
7549,P
7550,Q
7551,E
7552,Z
7553,W
7554,X
7555,G
7556,E
7557,H
7558,T
7559,C
7560,Y
7561,L
7562,X
7563,Y
7564,K
7565,J
7566,Z
7567,L
7568,N
7569,L
7570,J
7571,H
7572,O
7573,P
7574,X
7575,M
7576,K
7577,Q
7578,T
7579,B
7580,F
7581,Z
7582,P
7583,J
7584,K
7585,I
7586,U
7587,A
7588,L
7589,L
7590,G
7591,K
7592,S
7593,O
7594,U
7595,N
7596,W
7597,I
7598,S
7599,I
7600,Z
7601,K
7602,U
7603,Z
7604,V
7605,S
7606,F
7607,M
7608,C
7609,B
7610,U
7611,U
7612,G
7613,N
7614,E
7615,W
7616,P
7617,X
7618,Z
7619,Z
7620,S
7621,V
7622,Q
7623,J
7624,Z
7625,S
7626,M
7627,I
7628,O
7629,Y
7630,X
7631,Z
7632,E
7633,G
7634,J
7635,M
7636,L
7637,F
7638,T
7639,H
7640,R
7641,L
7642,Q
7643,C
7644,E
7645,D
7646,K
7647,A
7648,F
7649,S
7650,Y
7651,F
7652,G
7653,H
7654,U
7655,X
7656,X
7657,I
7658,R
7659,O
7660,P
7661,K
7662,U
7663,P
7664,I
7665,C
7666,S
7667,E
7668,S
7669,Q
7670,G
7671,K
7672,Y
7673,G
7674,G
7675,W
7676,V
7677,F
7678,X
7679,D
7680,B
7681,X
7682,W
7683,J
7684,N
7685,K
7686,A
7687,F
7688,O
7689,M
7690,Y
7691,K
7692,R
7693,V
7694,W
7695,X
7696,U
7697,B
7698,Q
7699,U
7700,J
7701,W
7702,G
7703,W
7704,I
7705,M
7706,R
7707,C
7708,N
7709,V
7710,J
7711,F
7712,F
7713,E
7714,A
7715,G
7716,X
7717,X
7718,S
7719,Z
7720,X
7721,L
7722,O
7723,R
7724,F
7725,T
7726,E
7727,W
7728,F
7729,W
7730,J
7731,N
7732,C
7733,J
7734,R
7735,P
7736,H
7737,Z
7738,M
7739,E
7740,H
7741,M
7742,J
7743,K
7744,T
7745,X
7746,G
7747,V
7748,H
7749,Z
7750,Z
7751,M
7752,X
7753,D
7754,O
7755,A
7756,Z
7757,T
7758,Q
7759,F
7760,B
7761,J
7762,E
7763,K
7764,O
7765,M
7766,Q
7767,T
7768,C
7769,O
7770,Q
7771,U
7772,K
7773,Z
7774,K
7775,O
7776,Y
7777,S
7778,G
7779,R
7780,B
7781,W
7782,P
7783,S
7784,O
7785,T
7786,R
7787,Z
7788,M
7789,Q
7790,U
7791,R
7792,B
7793,W
7794,E
7795,D
7796,U
7797,M
7798,W
7799,I
7800,L
7801,W
7802,C
7803,Z
7804,J
7805,B
7806,O
7807,E
7808,L
7809,W
7810,Q
7811,Y
7812,Z
7813,E
7814,P
7815,V
7816,R
7817,M
7818,A
7819,B
7820,Y
7821,X
7822,V
7823,Q
7824,M
7825,U
7826,B
7827,R
7828,Q
7829,A
7830,X
7831,B
7832,P
7833,Z
7834,F
7835,F
7836,E
7837,S
7838,S
7839,Z
7840,W
7841,W
7842,F
7843,K
7844,T
7845,J
7846,E
7847,U
7848,F
7849,P
7850,R
7851,K
7852,Q
7853,R
7854,V
7855,U
7856,J
7857,S
7858,K
7859,M
7860,J
7861,E
7862,W
7863,L
7864,M
7865,Q
7866,E
7867,E
7868,D
7869,B
7870,A
7871,B
7872,L
7873,T
7874,B
7875,T
7876,P
7877,V
7878,U
7879,S
7880,W
7881,A
7882,J
7883,V
7884,X
7885,K
7886,Q
7887,N
7888,A
7889,A
7890,N
7891,H
7892,I
7893,E
7894,N
7895,C
7896,E
7897,E
7898,N
7899,J
7900,H
7901,Q
7902,R
7903,I
7904,P
7905,M
7906,K
7907,P
7908,D
7909,C
7910,Z
7911,T
7912,O
7913,C
7914,B
7915,V
7916,G
7917,O
7918,P
7919,L
7920,R
7921,X
7922,U
7923,K
7924,X
7925,K
7926,S
7927,S
7928,G
7929,G
7930,X
7931,S
7932,T
7933,N
7934,F
7935,H
7936,T
7937,M
7938,H
7939,T
7940,C
7941,K
7942,N
7943,P
7944,S
7945,Y
7946,K
7947,H
7948,K
7949,G
7950,J
7951,G
7952,H
7953,P
7954,I
7955,M
7956,K
7957,K
7958,H
7959,Q
7960,B
7961,X
7962,C
7963,X
7964,F
7965,A
7966,J
7967,W
7968,M
7969,Z
7970,C
7971,G
7972,Z
7973,V
7974,P
7975,W
7976,W
7977,L
7978,X
7979,G
7980,Y
7981,Z
7982,O
7983,G
7984,B
7985,Q
7986,A
7987,D
7988,Y
7989,X
7990,D
7991,H
7992,J
7993,G
7994,N
7995,T
7996,Z
7997,X
7998,M
7999,T
8000,G
8001,V
8002,D
8003,R
8004,N
8005,D
8006,S
8007,U
8008,O
8009,O
8010,K
8011,Z
8012,A
8013,I
8014,N
8015,N
8016,N
8017,V
8018,X
8019,J
8020,Z
8021,O
8022,W
8023,X
8024,Z
8025,G
8026,V
8027,W
8028,E
8029,A
8030,G
8031,U
8032,U
8033,A
8034,P
8035,Z
8036,B
8037,A
8038,P
8039,W
8040,A
8041,K
8042,W
8043,Q
8044,G
8045,M
8046,T
8047,F
8048,C
8049,L
8050,K
8051,D
8052,B
8053,N
8054,H
8055,X
8056,L
8057,X
8058,Z
8059,O
8060,I
8061,B
8062,Z
8063,W
8064,O
8065,C
8066,W
8067,O
8068,J
8069,S
8070,S
8071,C
8072,Q
8073,L
8074,P
8075,X
8076,C
8077,G
8078,E
8079,W
8080,A
8081,V
8082,E
8083,Y
8084,J
8085,Q
8086,W
8087,F
8088,G
8089,Q
8090,F
8091,R
8092,D
8093,J
8094,C
8095,D
8096,G
8097,J
8098,L
8099,T
8100,G
8101,E
8102,U
8103,W
8104,W
8105,V
8106,T
8107,N
8108,F
8109,U
8110,P
8111,B
8112,F
8113,U
8114,O
8115,C
8116,B
8117,K
8118,U
8119,D
8120,O
8121,B
8122,R
8123,A
8124,Y
8125,P
8126,F
8127,D
8128,V
8129,H
8130,T
8131,V
8132,D
8133,R
8134,O
8135,O
8136,O
8137,Z
8138,S
8139,W
8140,S
8141,H
8142,N
8143,X
8144,U
8145,Z
8146,P
8147,S
8148,Z
8149,N
8150,P
8151,Z
8152,U
8153,X
8154,R
8155,M
8156,F
8157,J
8158,U
8159,O
8160,B
8161,Q
8162,K
8163,B
8164,D
8165,I
8166,Q
8167,H
8168,D
8169,D
8170,C
8171,Y
8172,X
8173,W
8174,O
8175,P
8176,Q
8177,N
8178,G
8179,D
8180,F
8181,W
8182,H
8183,C
8184,J
8185,Z
8186,N
8187,L
8188,N
8189,D
8190,G
8191,L
8192,Q
8193,D
8194,I
8195,F
8196,T
8197,L
8198,F
8199,X
8200,F
8201,J
8202,B
8203,I
8204,U
8205,O
8206,B
8207,U
8208,C
8209,W
8210,A
8211,C
8212,C
8213,Q
8214,S
8215,F
8216,T
8217,S
8218,U
8219,U
8220,C
8221,P
8222,L
8223,P
8224,T
8225,T
8226,M
8227,I
8228,F
8229,K
8230,G
8231,Y
8232,P
8233,Y
8234,K
8235,T
8236,X
8237,D
8238,L
8239,J
8240,P
8241,J
8242,C
8243,X
8244,P
8245,T
8246,Z
8247,O
8248,Q
8249,D
8250,W
8251,T
8252,D
8253,W
8254,X
8255,X
8256,V
8257,N
8258,W
8259,V
8260,H
8261,X
8262,W
8263,D
8264,T
8265,H
8266,U
8267,A
8268,P
8269,A
8270,I
8271,Z
8272,P
8273,B
8274,A
8275,E
8276,M
8277,X
8278,Z
8279,R
8280,G
8281,F
8282,K
8283,N
8284,U
8285,O
8286,S
8287,S
8288,U
8289,L
8290,P
8291,V
8292,B
8293,Z
8294,M
8295,W
8296,L
8297,V
8298,O
8299,I
8300,R
8301,T
8302,B
8303,I
8304,P
8305,O
8306,M
8307,B
8308,K
8309,T
8310,Y
8311,P
8312,C
8313,Q
8314,E
8315,A
8316,W
8317,G
8318,R
8319,F
8320,U
8321,D
8322,N
8323,J
8324,P
8325,P
8326,B
8327,P
8328,O
8329,I
8330,C
8331,L
8332,N
8333,F
8334,L
8335,N
8336,A
8337,R
8338,Q
8339,Q
8340,X
8341,D
8342,L
8343,L
8344,S
8345,W
8346,Q
8347,I
8348,O
8349,N
8350,L
8351,V
8352,V
8353,G
8354,A
8355,Q
8356,F
8357,R
8358,C
8359,H
8360,M
8361,V
8362,I
8363,Z
8364,S
8365,I
8366,Q
8367,P
8368,J
8369,F
8370,C
8371,R
8372,Z
8373,Y
8374,W
8375,P
8376,Q
8377,D
8378,E
8379,X
8380,Y
8381,H
8382,J
8383,N
8384,F
8385,D
8386,K
8387,E
8388,W
8389,I
8390,L
8391,O
8392,K
8393,X
8394,Q
8395,F
8396,I
8397,P
8398,N
8399,Z
8400,U
8401,T
8402,E
8403,G
8404,H
8405,A
8406,L
8407,A
8408,E
8409,R
8410,J
8411,O
8412,Y
8413,D
8414,L
8415,P
8416,Y
8417,G
8418,T
8419,B
8420,I
8421,H
8422,Z
8423,O
8424,Z
8425,G
8426,N
8427,X
8428,B
8429,J
8430,M
8431,V
8432,F
8433,V
8434,Z
8435,R
8436,F
8437,D
8438,O
8439,I
8440,I
8441,K
8442,U
8443,P
8444,R
8445,W
8446,Z
8447,V
8448,G
8449,T
8450,L
8451,D
8452,P
8453,P
8454,W
8455,D
8456,H
8457,J
8458,I
8459,Z
8460,N
8461,K
8462,Z
8463,B
8464,F
8465,N
8466,L
8467,L
8468,A
8469,P
8470,K
8471,C
8472,D
8473,F
8474,L
8475,S
8476,Z
8477,S
8478,V
8479,M
8480,U
8481,A
8482,K
8483,O
8484,Y
8485,N
8486,A
8487,H
8488,E
8489,D
8490,S
8491,N
8492,O
8493,Y
8494,I
8495,J
8496,J
8497,V
8498,O
8499,C
8500,S
8501,B
8502,Z
8503,D
8504,G
8505,M
8506,P
8507,J
8508,N
8509,Q
8510,C
8511,W
8512,I
8513,Y
8514,X
8515,T
8516,G
8517,A
8518,T
8519,G
8520,I
8521,D
8522,D
8523,O
8524,I
8525,E
8526,L
8527,D
8528,U
8529,K
8530,E
8531,T
8532,F
8533,M
8534,U
8535,G
8536,W
8537,V
8538,T
8539,U
8540,S
8541,M
8542,T
8543,Y
8544,M
8545,U
8546,S
8547,M
8548,O
8549,B
8550,S
8551,D
8552,K
8553,N
8554,C
8555,S
8556,O
8557,C
8558,P
8559,B
8560,H
8561,P
8562,X
8563,V
8564,Z
8565,X
8566,L
8567,S
8568,D
8569,P
8570,E
8571,B
8572,U
8573,D
8574,V
8575,M
8576,S
8577,R
8578,X
8579,E
8580,E
8581,Z
8582,X
8583,Q
8584,N
8585,D
8586,L
8587,J
8588,S
8589,N
8590,Q
8591,S
8592,S
8593,A
8594,N
8595,O
8596,A
8597,W
8598,L
8599,G
8600,B
8601,D
8602,X
8603,I
8604,N
8605,R
8606,G
8607,Q
8608,I
8609,B
8610,X
8611,Y
8612,J
8613,Z
8614,V
8615,M
8616,E
8617,R
8618,Y
8619,S
8620,Y
8621,I
8622,A
8623,T
8624,R
8625,H
8626,J
8627,Y
8628,R
8629,Z
8630,Y
8631,L
8632,V
8633,Q
8634,G
8635,P
8636,V
8637,I
8638,T
8639,B
8640,Q
8641,E
8642,L
8643,D
8644,N
8645,T
8646,Q
8647,K
8648,U
8649,O
8650,K
8651,C
8652,C
8653,A
8654,F
8655,U
8656,R
8657,B
8658,A
8659,E
8660,T
8661,U
8662,X
8663,W
8664,X
8665,A
8666,E
8667,R
8668,V
8669,S
8670,W
8671,L
8672,A
8673,L
8674,F
8675,P
8676,I
8677,M
8678,D
8679,N
8680,F
8681,Y
8682,I
8683,K
8684,W
8685,C
8686,Q
8687,O
8688,D
8689,R
8690,C
8691,X
8692,G
8693,U
8694,G
8695,T
8696,K
8697,Z
8698,H
8699,L
8700,O
8701,M
8702,A
8703,P
8704,Z
8705,S
8706,D
8707,V
8708,U
8709,X
8710,G
8711,M
8712,D
8713,C
8714,N
8715,S
8716,Z
8717,L
8718,J
8719,R
8720,B
8721,P
8722,P
8723,S
8724,V
8725,E
8726,K
8727,K
8728,M
8729,O
8730,A
8731,Q
8732,R
8733,M
8734,I
8735,X
8736,J
8737,Z
8738,P
8739,B
8740,W
8741,B
8742,J
8743,I
8744,H
8745,A
8746,N
8747,J
8748,L
8749,Q
8750,F
8751,X
8752,I
8753,P
8754,R
8755,F
8756,F
8757,M
8758,K
8759,G
8760,J
8761,L
8762,L
8763,V
8764,B
8765,S
8766,P
8767,D
8768,O
8769,F
8770,U
8771,R
8772,C
8773,Y
8774,H
8775,N
8776,I
8777,J
8778,N
8779,X
8780,Y
8781,F
8782,K
8783,P
8784,J
8785,T
8786,F
8787,V
8788,J
8789,I
8790,V
8791,U
8792,B
8793,J
8794,Y
8795,Q
8796,B
8797,V
8798,V
8799,N
8800,V
8801,T
8802,T
8803,N
8804,U
8805,X
8806,Z
8807,D
8808,E
8809,T
8810,H
8811,X
8812,T
8813,V
8814,Y
8815,Y
8816,H
8817,S
8818,K
8819,A
8820,H
8821,T
8822,A
8823,X
8824,F
8825,R
8826,R
8827,H
8828,F
8829,L
8830,G
8831,M
8832,N
8833,K
8834,D
8835,U
8836,O
8837,V
8838,Q
8839,S
8840,J
8841,Q
8842,N
8843,X
8844,T
8845,M
8846,U
8847,H
8848,R
8849,A
8850,C
8851,P
8852,C
8853,F
8854,R
8855,E
8856,I
8857,M
8858,W
8859,I
8860,N
8861,T
8862,Z
8863,L
8864,N
8865,U
8866,B
8867,J
8868,Z
8869,K
8870,H
8871,Y
8872,F
8873,R
8874,R
8875,G
8876,O
8877,I
8878,O
8879,C
8880,J
8881,N
8882,X
8883,C
8884,W
8885,I
8886,E
8887,P
8888,H
8889,B
8890,I
8891,N
8892,M
8893,K
8894,E
8895,E
8896,S
8897,E
8898,U
8899,C
8900,D
8901,F
8902,Q
8903,G
8904,G
8905,D
8906,K
8907,C
8908,X
8909,W
8910,S
8911,O
8912,I
8913,H
8914,Q
8915,O
8916,Y
8917,P
8918,K
8919,D
8920,H
8921,D
8922,Q
8923,O
8924,H
8925,R
8926,M
8927,V
8928,Y
8929,P
8930,V
8931,D
8932,D
8933,O
8934,H
8935,V
8936,R
8937,G
8938,B
8939,F
8940,M
8941,J
8942,G
8943,W
8944,F
8945,Q
8946,W
8947,K
8948,U
8949,O
8950,X
8951,J
8952,I
8953,I
8954,R
8955,D
8956,S
8957,E
8958,W
8959,Y
8960,K
8961,X
8962,I
8963,B
8964,J
8965,U
8966,P
8967,M
8968,M
8969,I
8970,O
8971,T
8972,R
8973,R
8974,N
8975,I
8976,Z
8977,L
8978,H
8979,V
8980,X
8981,Q
8982,S
8983,H
8984,E
8985,V
8986,L
8987,A
8988,W
8989,M
8990,B
8991,X
8992,A
8993,G
8994,T
8995,S
8996,C
8997,P
8998,S
8999,Q
9000,B
9001,Y
9002,W
9003,D
9004,U
9005,B
9006,M
9007,P
9008,W
9009,S
9010,V
9011,B
9012,T
9013,V
9014,Q
9015,F
9016,M
9017,T
9018,O
9019,N
9020,G
9021,L
9022,S
9023,J
9024,U
9025,O
9026,X
9027,J
9028,L
9029,G
9030,U
9031,U
9032,M
9033,P
9034,H
9035,T
9036,C
9037,V
9038,H
9039,M
9040,Y
9041,A
9042,L
9043,S
9044,F
9045,E
9046,A
9047,B
9048,N
9049,G
9050,D
9051,L
9052,F
9053,L
9054,H
9055,F
9056,G
9057,F
9058,T
9059,H
9060,S
9061,O
9062,Z
9063,S
9064,W
9065,U
9066,X
9067,R
9068,S
9069,Y
9070,L
9071,S
9072,E
9073,B
9074,K
9075,X
9076,T
9077,X
9078,G
9079,C
9080,P
9081,F
9082,P
9083,R
9084,M
9085,L
9086,X
9087,I
9088,G
9089,C
9090,T
9091,B
9092,K
9093,Y
9094,I
9095,J
9096,N
9097,W
9098,H
9099,C
9100,A
9101,R
9102,V
9103,R
9104,T
9105,C
9106,I
9107,H
9108,C
9109,J
9110,Q
9111,H
9112,Y
9113,I
9114,Y
9115,B
9116,H
9117,A
9118,R
9119,R
9120,P
9121,Q
9122,Y
9123,W
9124,V
9125,R
9126,G
9127,N
9128,N
9129,H
9130,F
9131,E
9132,P
9133,O
9134,Z
9135,W
9136,R
9137,E
9138,F
9139,A
9140,M
9141,Q
9142,H
9143,F
9144,H
9145,U
9146,R
9147,A
9148,C
9149,Z
9150,P
9151,Q
9152,B
9153,M
9154,C
9155,S
9156,G
9157,Q
9158,B
9159,W
9160,O
9161,K
9162,N
9163,D
9164,W
9165,C
9166,U
9167,W
9168,I
9169,R
9170,M
9171,X
9172,L
9173,I
9174,J
9175,B
9176,E
9177,S
9178,N
9179,D
9180,M
9181,T
9182,Z
9183,N
9184,B
9185,H
9186,H
9187,H
9188,P
9189,T
9190,Q
9191,U
9192,M
9193,G
9194,Z
9195,S
9196,Y
9197,L
9198,K
9199,L
9200,P
9201,O
9202,A
9203,D
9204,N
9205,Y
9206,N
9207,E
9208,I
9209,T
9210,N
9211,P
9212,G
9213,H
9214,P
9215,O
9216,A
9217,T
9218,Y
9219,R
9220,C
9221,C
9222,X
9223,G
9224,M
9225,H
9226,W
9227,L
9228,T
9229,Z
9230,G
9231,R
9232,U
9233,X
9234,S
9235,L
9236,R
9237,J
9238,F
9239,O
9240,B
9241,F
9242,S
9243,E
9244,O
9245,B
9246,F
9247,R
9248,I
9249,X
9250,M
9251,P
9252,G
9253,O
9254,I
9255,T
9256,Z
9257,Z
9258,M
9259,R
9260,E
9261,Q
9262,P
9263,W
9264,O
9265,U
9266,Q
9267,Z
9268,Q
9269,M
9270,Z
9271,A
9272,R
9273,O
9274,N
9275,Q
9276,B
9277,L
9278,Z
9279,B
9280,A
9281,O
9282,V
9283,V
9284,H
9285,C
9286,F
9287,B
9288,M
9289,O
9290,F
9291,X
9292,I
9293,U
9294,J
9295,Q
9296,J
9297,B
9298,G
9299,S
9300,Z
9301,C
9302,Z
9303,P
9304,G
9305,P
9306,Z
9307,S
9308,T
9309,X
9310,X
9311,R
9312,M
9313,T
9314,Z
9315,X
9316,T
9317,W
9318,N
9319,Y
9320,Q
9321,C
9322,T
9323,Z
9324,N
9325,Y
9326,J
9327,Q
9328,D
9329,G
9330,R
9331,Q
9332,M
9333,I
9334,N
9335,M
9336,E
9337,R
9338,E
9339,O
9340,G
9341,X
9342,B
9343,O
9344,T
9345,Q
9346,S
9347,I
9348,O
9349,L
9350,B
9351,G
9352,U
9353,D
9354,W
9355,A
9356,K
9357,N
9358,O
9359,X
9360,J
9361,L
9362,S
9363,C
9364,F
9365,Q
9366,H
9367,P
9368,W
9369,T
9370,G
9371,F
9372,D
9373,I
9374,R
9375,Q
9376,W
9377,D
9378,R
9379,D
9380,M
9381,R
9382,H
9383,A
9384,K
9385,A
9386,S
9387,V
9388,Y
9389,K
9390,A
9391,K
9392,T
9393,V
9394,L
9395,L
9396,G
9397,K
9398,X
9399,E
9400,T
9401,I
9402,O
9403,G
9404,D
9405,R
9406,F
9407,C
9408,H
9409,B
9410,N
9411,J
9412,Y
9413,Z
9414,A
9415,I
9416,X
9417,G
9418,N
9419,L
9420,H
9421,B
9422,Q
9423,L
9424,T
9425,U
9426,A
9427,K
9428,W
9429,C
9430,B
9431,A
9432,L
9433,D
9434,E
9435,E
9436,I
9437,G
9438,F
9439,I
9440,H
9441,P
9442,U
9443,V
9444,F
9445,D
9446,V
9447,N
9448,Z
9449,T
9450,L
9451,S
9452,L
9453,D
9454,C
9455,E
9456,P
9457,A
9458,D
9459,P
9460,O
9461,E
9462,V
9463,S
9464,F
9465,E
9466,A
9467,D
9468,N
9469,X
9470,F
9471,T
9472,D
9473,L
9474,Z
9475,B
9476,V
9477,U
9478,C
9479,R
9480,G
9481,Z
9482,O
9483,Z
9484,I
9485,U
9486,E
9487,G
9488,A
9489,O
9490,P
9491,Z
9492,F
9493,V
9494,M
9495,V
9496,R
9497,T
9498,J
9499,E
9500,H
9501,F
9502,E
9503,D
9504,N
9505,Y
9506,A
9507,S
9508,F
9509,B
9510,I
9511,T
9512,Y
9513,X
9514,A
9515,U
9516,B
9517,O
9518,P
9519,W
9520,E
9521,B
9522,M
9523,F
9524,T
9525,E
9526,L
9527,G
9528,F
9529,K
9530,N
9531,F
9532,W
9533,D
9534,L
9535,W
9536,X
9537,C
9538,Q
9539,O
9540,E
9541,P
9542,J
9543,O
9544,B
9545,E
9546,T
9547,B
9548,U
9549,F
9550,D
9551,Y
9552,A
9553,A
9554,N
9555,J
9556,N
9557,W
9558,W
9559,C
9560,Y
9561,A
9562,Q
9563,G
9564,T
9565,U
9566,P
9567,C
9568,H
9569,R
9570,P
9571,H
9572,T
9573,S
9574,R
9575,C
9576,A
9577,Y
9578,C
9579,L
9580,P
9581,R
9582,D
9583,H
9584,I
9585,K
9586,R
9587,X
9588,Q
9589,D
9590,R
9591,W
9592,C
9593,P
9594,Z
9595,M
9596,E
9597,M
9598,D
9599,V
9600,Y
9601,I
9602,M
9603,Y
9604,K
9605,F
9606,F
9607,X
9608,B
9609,C
9610,C
9611,H
9612,Z
9613,X
9614,Y
9615,Z
9616,X
9617,M
9618,D
9619,R
9620,D
9621,U
9622,Y
9623,K
9624,W
9625,E
9626,P
9627,A
9628,D
9629,Y
9630,V
9631,P
9632,A
9633,Q
9634,E
9635,U
9636,G
9637,E
9638,J
9639,P
9640,K
9641,B
9642,J
9643,T
9644,S
9645,T
9646,N
9647,B
9648,V
9649,A
9650,F
9651,Y
9652,Q
9653,P
9654,X
9655,Y
9656,Q
9657,R
9658,N
9659,G
9660,O
9661,N
9662,Q
9663,B
9664,U
9665,D
9666,T
9667,D
9668,R
9669,J
9670,Q
9671,J
9672,T
9673,C
9674,E
9675,R
9676,F
9677,M
9678,V
9679,F
9680,C
9681,E
9682,K
9683,G
9684,F
9685,O
9686,S
9687,P
9688,Y
9689,S
9690,O
9691,G
9692,G
9693,V
9694,J
9695,C
9696,A
9697,E
9698,F
9699,Q
9700,O
9701,S
9702,H
9703,H
9704,A
9705,W
9706,G
9707,M
9708,K
9709,T
9710,P
9711,V
9712,O
9713,J
9714,W
9715,C
9716,H
9717,M
9718,Y
9719,B
9720,M
9721,L
9722,K
9723,D
9724,K
9725,W
9726,E
9727,P
9728,A
9729,T
9730,F
9731,Q
9732,C
9733,N
9734,S
9735,H
9736,J
9737,W
9738,R
9739,B
9740,F
9741,T
9742,Y
9743,Z
9744,V
9745,X
9746,S
9747,Q
9748,X
9749,X
9750,E
9751,A
9752,H
9753,O
9754,S
9755,G
9756,M
9757,U
9758,L
9759,Q
9760,D
9761,A
9762,Q
9763,O
9764,N
9765,I
9766,U
9767,P
9768,E
9769,J
9770,O
9771,S
9772,Y
9773,F
9774,R
9775,X
9776,M
9777,H
9778,H
9779,G
9780,U
9781,G
9782,K
9783,S
9784,L
9785,A
9786,X
9787,Z
9788,W
9789,R
9790,C
9791,U
9792,A
9793,C
9794,U
9795,B
9796,L
9797,M
9798,U
9799,R
9800,N
9801,I
9802,N
9803,X
9804,B
9805,U
9806,X
9807,V
9808,R
9809,Y
9810,B
9811,S
9812,A
9813,Z
9814,Z
9815,Y
9816,U
9817,L
9818,T
9819,A
9820,O
9821,B
9822,O
9823,K
9824,T
9825,Q
9826,L
9827,H
9828,T
9829,Q
9830,L
9831,K
9832,A
9833,Y
9834,W
9835,X
9836,H
9837,F
9838,K
9839,F
9840,O
9841,A
9842,G
9843,N
9844,A
9845,G
9846,Z
9847,H
9848,W
9849,G
9850,P
9851,Z
9852,L
9853,F
9854,B
9855,F
9856,D
9857,C
9858,C
9859,Y
9860,Z
9861,M
9862,A
9863,J
9864,Y
9865,H
9866,W
9867,U
9868,O
9869,Z
9870,Z
9871,J
9872,E
9873,E
9874,D
9875,Y
9876,I
9877,F
9878,B
9879,I
9880,U
9881,T
9882,F
9883,A
9884,O
9885,J
9886,S
9887,S
9888,H
9889,M
9890,A
9891,L
9892,D
9893,N
9894,V
9895,H
9896,O
9897,K
9898,O
9899,L
9900,W
9901,Q
9902,R
9903,A
9904,C
9905,X
9906,C
9907,Q
9908,O
9909,L
9910,E
9911,N
9912,K
9913,T
9914,O
9915,C
9916,K
9917,V
9918,Y
9919,I
9920,O
9921,C
9922,H
9923,C
9924,K
9925,R
9926,X
9927,K
9928,M
9929,E
9930,M
9931,K
9932,W
9933,L
9934,F
9935,Z
9936,N
9937,Z
9938,K
9939,I
9940,B
9941,K
9942,G
9943,C
9944,Q
9945,T
9946,E
9947,W
9948,Q
9949,R
9950,N
9951,U
9952,U
9953,B
9954,I
9955,C
9956,F
9957,Z
9958,K
9959,B
9960,Y
9961,A
9962,S
9963,A
9964,B
9965,E
9966,R
9967,B
9968,U
9969,I
9970,Y
9971,E
9972,K
9973,A
9974,Z
9975,X
9976,S
9977,N
9978,N
9979,R
9980,H
9981,B
9982,L
9983,H
9984,V
9985,K
9986,O
9987,V
9988,X
9989,L
9990,D
9991,H
9992,Y
9993,S
9994,V
9995,F
9996,G
9997,M
9998,D
9999,R
10000,K
10001,Y
10002,P
10003,S
10004,B
10005,B
10006,P
10007,L
10008,H
10009,E
10010,S
10011,M
10012,K
10013,B
10014,Y
10015,Y
10016,M
10017,O
10018,E
10019,O
10020,U
10021,V
10022,W
10023,I
10024,B
10025,I
10026,D
10027,A
10028,U
10029,E
10030,P
10031,C
10032,O
10033,U
10034,T
10035,J
10036,I
10037,R
10038,U
10039,Z
10040,Q
10041,V
10042,A
10043,J
10044,Z
10045,A
10046,N
10047,K
10048,J
10049,P
10050,C
10051,G
10052,J
10053,O
10054,S
10055,C
10056,R
10057,I
10058,Q
10059,D
10060,P
10061,P
10062,D
10063,L
10064,D
10065,T
10066,B
10067,I
10068,M
10069,S
10070,Q
10071,J
10072,Z
10073,T
10074,N
10075,D
10076,P
10077,X
10078,B
10079,E
10080,I
10081,X
10082,R
10083,F
10084,Z
10085,X
10086,H
10087,F
10088,E
10089,G
10090,T
10091,G
10092,O
10093,B
10094,R
10095,W
10096,Z
10097,Y
10098,S
10099,H
10100,B
10101,I
10102,O
10103,X
10104,N
10105,S
10106,Q
10107,F
10108,M
10109,B
10110,S
10111,K
10112,L
10113,V
10114,O
10115,V
10116,U
10117,U
10118,R
10119,H
10120,W
10121,E
10122,N
10123,P
10124,K
10125,S
10126,O
10127,V
10128,H
10129,G
10130,U
10131,X
10132,E
10133,P
10134,V
10135,E
10136,H
10137,A
10138,H
10139,Q
10140,A
10141,M
10142,C
10143,Q
10144,O
10145,L
10146,C
10147,X
10148,J
10149,K
10150,Z
10151,E
10152,R
10153,J
10154,N
10155,B
10156,U
10157,H
10158,M
10159,S
10160,Z
10161,B
10162,F
10163,E
10164,O
10165,N
10166,R
10167,L
10168,V
10169,Y
10170,K
10171,R
10172,J
10173,A
10174,R
10175,Z
10176,P
10177,O
10178,C
10179,C
10180,O
10181,L
10182,C
10183,L
10184,X
10185,Y
10186,D
10187,S
10188,R
10189,A
10190,M
10191,S
10192,R
10193,N
10194,A
10195,H
10196,Q
10197,U
10198,L
10199,J
10200,G
10201,Z
10202,D
10203,M
10204,X
10205,D
10206,J
10207,O
10208,G
10209,P
10210,G
10211,I
10212,H
10213,E
10214,R
10215,X
10216,B
10217,J
10218,H
10219,U
10220,X
10221,L
10222,L
10223,B
10224,A
10225,C
10226,P
10227,H
10228,F
10229,K
10230,C
10231,C
10232,P
10233,U
10234,C
10235,J
10236,B
10237,D
10238,Q
10239,J
10240,K
10241,I
10242,Q
10243,X
10244,M
10245,D
10246,D
10247,G
10248,S
10249,C
10250,Z
10251,X
10252,B
10253,N
10254,L
10255,U
10256,D
10257,E
10258,F
10259,C
10260,P
10261,F
10262,X
10263,S
10264,B
10265,G
10266,Q
10267,I
10268,Y
10269,G
10270,L
10271,X
10272,Q
10273,M
10274,F
10275,X
10276,W
10277,N
10278,Z
10279,J
10280,T
10281,O
10282,E
10283,J
10284,B
10285,K
10286,K
10287,Y
10288,M
10289,N
10290,V
10291,W
10292,W
10293,U
10294,O
10295,V
10296,N
10297,F
10298,G
10299,Y
10300,N
10301,A
10302,E
10303,H
10304,H
10305,F
10306,N
10307,P
10308,Y
10309,G
10310,Z
10311,B
10312,W
10313,V
10314,R
10315,E
10316,P
10317,T
10318,M
10319,K
10320,D
10321,D
10322,K
10323,W
10324,I
10325,H
10326,T
10327,Z
10328,L
10329,E
10330,T
10331,A
10332,R
10333,O
10334,T
10335,A
10336,R
10337,A
10338,T
10339,P
10340,Z
10341,A
10342,T
10343,C
10344,D
10345,Q
10346,Q
10347,M
10348,V
10349,F
10350,G
10351,D
10352,P
10353,Z
10354,T
10355,R
10356,B
10357,E
10358,B
10359,R
10360,F
10361,F
10362,C
10363,D
10364,B
10365,L
10366,Y
10367,K
10368,M
10369,X
10370,X
10371,A
10372,W
10373,Z
10374,N
10375,J
10376,S
10377,Z
10378,W
10379,T
10380,P
10381,I
10382,G
10383,R
10384,G
10385,I
10386,X
10387,O
10388,T
10389,P
10390,J
10391,A
10392,S
10393,W
10394,O
10395,W
10396,Y
10397,N
10398,D
10399,H
10400,F
10401,Y
10402,O
10403,D
10404,A
10405,S
10406,R
10407,V
10408,I
10409,H
10410,V
10411,O
10412,J
10413,L
10414,P
10415,C
10416,Q
10417,R
10418,L
10419,L
10420,P
10421,U
10422,E
10423,T
10424,A
10425,C
10426,Q
10427,N
10428,F
10429,O
10430,B
10431,I
10432,M
10433,P
10434,G
10435,U
10436,O
10437,V
10438,D
10439,R
10440,W
10441,O
10442,K
10443,M
10444,X
10445,L
10446,O
10447,O
10448,J
10449,K
10450,Q
10451,R
10452,N
10453,M
10454,X
10455,P
10456,W
10457,F
10458,S
10459,G
10460,X
10461,P
10462,Z
10463,X
10464,K
10465,Y
10466,N
10467,H
10468,R
10469,P
10470,P
10471,L
10472,P
10473,A
10474,R
10475,L
10476,D
10477,B
10478,M
10479,J
10480,B
10481,F
10482,Z
10483,K
10484,N
10485,X
10486,Q
10487,E
10488,I
10489,F
10490,T
10491,H
10492,V
10493,D
10494,P
10495,U
10496,A
10497,Q
10498,P
10499,O
10500,V
10501,H
10502,O
10503,Q
10504,S
10505,V
10506,M
10507,X
10508,M
10509,Z
10510,I
10511,M
10512,E
10513,Q
10514,A
10515,E
10516,X
10517,J
10518,K
10519,V
10520,S
10521,B
10522,Z
10523,A
10524,T
10525,O
10526,Q
10527,R
10528,V
10529,Y
10530,A
10531,M
10532,B
10533,S
10534,A
10535,L
10536,B
10537,K
10538,R
10539,Q
10540,S
10541,X
10542,R
10543,J
10544,H
10545,I
10546,S
10547,H
10548,V
10549,H
10550,V
10551,O
10552,O
10553,L
10554,N
10555,G
10556,P
10557,U
10558,X
10559,D
10560,G
10561,Z
10562,D
10563,P
10564,G
10565,Y
10566,D
10567,W
10568,P
10569,E
10570,V
10571,O
10572,C
10573,A
10574,R
10575,T
10576,F
10577,R
10578,U
10579,R
10580,C
10581,O
10582,R
10583,O
10584,P
10585,C
10586,C
10587,C
10588,P
10589,A
10590,L
10591,S
10592,U
10593,R
10594,O
10595,W
10596,T
10597,K
10598,D
10599,F
10600,X
10601,X
10602,F
10603,G
10604,Q
10605,C
10606,M
10607,Z
10608,G
10609,S
10610,A
10611,P
10612,K
10613,S
10614,B
10615,P
10616,B
10617,V
10618,R
10619,M
10620,U
10621,F
10622,J
10623,I
10624,N
10625,A
10626,W
10627,O
10628,I
10629,S
10630,Z
10631,X
10632,F
10633,G
10634,L
10635,X
10636,M
10637,U
10638,W
10639,E
10640,P
10641,Z
10642,F
10643,P
10644,A
10645,E
10646,F
10647,M
10648,T
10649,Y
10650,W
10651,R
10652,L
10653,T
10654,D
10655,H
10656,T
10657,E
10658,C
10659,Y
10660,T
10661,U
10662,W
10663,K
10664,P
10665,B
10666,E
10667,Y
10668,I
10669,V
10670,V
10671,N
10672,A
10673,N
10674,Y
10675,Z
10676,Y
10677,Y
10678,Y
10679,R
10680,Q
10681,C
10682,Q
10683,J
10684,G
10685,J
10686,K
10687,K
10688,V
10689,V
10690,M
10691,J
10692,N
10693,H
10694,T
10695,T
10696,G
10697,B
10698,E
10699,X
10700,D
10701,Q
10702,C
10703,L
10704,R
10705,N
10706,E
10707,I
10708,Z
10709,S
10710,C
10711,X
10712,K
10713,F
10714,D
10715,Q
10716,G
10717,L
10718,U
10719,Q
10720,S
10721,Y
10722,X
10723,Q
10724,J
10725,M
10726,K
10727,W
10728,U
10729,P
10730,B
10731,F
10732,V
10733,K
10734,H
10735,Y
10736,Q
10737,Y
10738,H
10739,T
10740,L
10741,O
10742,Y
10743,Z
10744,I
10745,D
10746,L
10747,I
10748,D
10749,B
10750,P
10751,K
10752,Z
10753,S
10754,Y
10755,G
10756,D
10757,L
10758,O
10759,T
10760,M
10761,A
10762,L
10763,L
10764,V
10765,Q
10766,M
10767,Q
10768,H
10769,B
10770,I
10771,D
10772,Z
10773,V
10774,Q
10775,W
10776,H
10777,H
10778,C
10779,E
10780,R
10781,O
10782,L
10783,C
10784,Z
10785,D
10786,W
10787,Q
10788,V
10789,J
10790,P
10791,W
10792,Q
10793,I
10794,Q
10795,Q
10796,W
10797,C
10798,V
10799,X
10800,X
10801,G
10802,J
10803,W
10804,E
10805,H
10806,O
10807,Q
10808,D
10809,R
10810,H
10811,O
10812,Q
10813,X
10814,S
10815,I
10816,I
10817,I
10818,E
10819,O
10820,K
10821,R
10822,C
10823,M
10824,E
10825,O
10826,K
10827,Q
10828,T
10829,K
10830,T
10831,W
10832,F
10833,A
10834,V
10835,S
10836,Y
10837,U
10838,L
10839,X
10840,G
10841,W
10842,Y
10843,E
10844,V
10845,U
10846,V
10847,J
10848,X
10849,E
10850,J
10851,E
10852,D
10853,W
10854,C
10855,B
10856,S
10857,Z
10858,D
10859,E
10860,U
10861,N
10862,N
10863,V
10864,X
10865,W
10866,I
10867,M
10868,O
10869,I
10870,Z
10871,D
10872,K
10873,P
10874,K
10875,B
10876,E
10877,P
10878,P
10879,W
10880,X
10881,R
10882,O
10883,X
10884,S
10885,N
10886,Q
10887,X
10888,D
10889,H
10890,Z
10891,M
10892,C
10893,E
10894,G
10895,V
10896,F
10897,G
10898,G
10899,Y
10900,S
10901,F
10902,X
10903,D
10904,B
10905,K
10906,R
10907,N
10908,E
10909,I
10910,K
10911,M
10912,D
10913,I
10914,W
10915,D
10916,D
10917,Y
10918,D
10919,J
10920,M
10921,R
10922,B
10923,X
10924,A
10925,W
10926,U
10927,O
10928,X
10929,R
10930,Y
10931,J
10932,R
10933,V
10934,B
10935,X
10936,D
10937,T
10938,P
10939,Y
10940,M
10941,N
10942,O
10943,F
10944,P
10945,W
10946,Q
10947,K
10948,G
10949,G
10950,M
10951,M
10952,P
10953,Z
10954,U
10955,S
10956,J
10957,J
10958,W
10959,V
10960,C
10961,U
10962,V
10963,B
10964,Q
10965,F
10966,P
10967,I
10968,M
10969,W
10970,K
10971,M
10972,X
10973,N
10974,O
10975,B
10976,O
10977,L
10978,O
10979,O
10980,C
10981,W
10982,T
10983,E
10984,A
10985,P
10986,M
10987,A
10988,T
10989,K
10990,Z
10991,W
10992,Z
10993,C
10994,Q
10995,R
10996,G
10997,D
10998,J
10999,E
11000,M
11001,I
11002,Z
11003,M
11004,C
11005,V
11006,L
11007,C
11008,V
11009,B
11010,Z
11011,O
11012,E
11013,D
11014,G
11015,N
11016,X
11017,X
11018,L
11019,P
11020,D
11021,E
11022,W
11023,Y
11024,K
11025,O
11026,H
11027,K
11028,R
11029,D
11030,J
11031,C
11032,B
11033,G
11034,B
11035,U
11036,N
11037,X
11038,M
11039,E
11040,A
11041,S
11042,J
11043,B
11044,R
11045,Y
11046,V
11047,G
11048,Y
11049,K
11050,J
11051,W
11052,S
11053,Z
11054,I
11055,H
11056,Y
11057,V
11058,Q
11059,A
11060,K
11061,G
11062,R
11063,X
11064,F
11065,B
11066,S
11067,K
11068,Z
11069,O
11070,Z
11071,R
11072,A
11073,L
11074,A
11075,K
11076,Q
11077,M
11078,C
11079,X
11080,Y
11081,Y
11082,R
11083,B
11084,R
11085,V
11086,G
11087,Z
11088,F
11089,K
11090,A
11091,L
11092,B
11093,J
11094,M
11095,D
11096,N
11097,B
11098,Q
11099,G
11100,B
11101,D
11102,R
11103,V
11104,A
11105,W
11106,W
11107,U
11108,N
11109,X
11110,D
11111,J
11112,C
11113,O
11114,C
11115,E
11116,Z
11117,D
11118,R
11119,E
11120,P
11121,N
11122,A
11123,U
11124,J
11125,K
11126,K
11127,U
11128,D
11129,C
11130,Q
11131,A
11132,P
11133,C
11134,F
11135,T
11136,Z
11137,C
11138,T
11139,A
11140,B
11141,J
11142,V
11143,Z
11144,C
11145,X
11146,D
11147,Z
11148,Q
11149,F
11150,Y
11151,W
11152,T
11153,L
11154,E
11155,T
11156,D
11157,Q
11158,C
11159,E
11160,E
11161,C
11162,Q
11163,G
11164,Q
11165,O
11166,C
11167,O
11168,D
11169,T
11170,F
11171,S
11172,G
11173,C
11174,H
11175,C
11176,B
11177,I
11178,H
11179,V
11180,U
11181,B
11182,F
11183,C
11184,L
11185,A
11186,C
11187,Z
11188,C
11189,I
11190,U
11191,V
11192,L
11193,A
11194,R
11195,O
11196,A
11197,O
11198,D
11199,A
11200,W
11201,T
11202,E
11203,J
11204,B
11205,W
11206,E
11207,L
11208,Q
11209,I
11210,Y
11211,L
11212,G
11213,W
11214,V
11215,P
11216,P
11217,Z
11218,A
11219,E
11220,G
11221,N
11222,V
11223,R
11224,B
11225,A
11226,A
11227,S
11228,J
11229,Q
11230,R
11231,F
11232,I
11233,G
11234,Z
11235,K
11236,S
11237,M
11238,Y
11239,S
11240,H
11241,K
11242,U
11243,C
11244,B
11245,I
11246,B
11247,V
11248,W
11249,E
11250,H
11251,K
11252,Z
11253,K
11254,D
11255,O
11256,E
11257,C
11258,O
11259,E
11260,M
11261,M
11262,J
11263,I
11264,Z
11265,T
11266,T
11267,G
11268,D
11269,B
11270,N
11271,S
11272,U
11273,C
11274,Z
11275,T
11276,T
11277,B
11278,G
11279,U
11280,Z
11281,C
11282,N
11283,M
11284,T
11285,M
11286,V
11287,H
11288,E
11289,U
11290,T
11291,L
11292,X
11293,M
11294,F
11295,B
11296,W
11297,E
11298,X
11299,Z
11300,N
11301,K
11302,V
11303,H
11304,I
11305,G
11306,M
11307,D
11308,D
11309,J
11310,Z
11311,N
11312,F
11313,Q
11314,S
11315,I
11316,V
11317,D
11318,A
11319,D
11320,F
11321,N
11322,N
11323,R
11324,H
11325,R
11326,N
11327,M
11328,F
11329,P
11330,V
11331,E
11332,K
11333,U
11334,Y
11335,H
11336,N
11337,P
11338,K
11339,B
11340,L
11341,W
11342,V
11343,E
11344,R
11345,H
11346,T
11347,X
11348,F
11349,U
11350,P
11351,M
11352,Q
11353,L
11354,F
11355,G
11356,W
11357,H
11358,C
11359,B
11360,C
11361,O
11362,A
11363,M
11364,E
11365,I
11366,N
11367,V
11368,B
11369,H
11370,H
11371,F
11372,N
11373,Q
11374,W
11375,W
11376,P
11377,P
11378,U
11379,G
11380,T
11381,S
11382,J
11383,D
11384,R
11385,F
11386,H
11387,O
11388,Y
11389,A
11390,X
11391,P
11392,M
11393,L
11394,W
11395,Z
11396,Y
11397,Y
11398,Z
11399,L
11400,G
11401,K
11402,F
11403,A
11404,G
11405,M
11406,S
11407,S
11408,L
11409,O
11410,M
11411,N
11412,W
11413,X
11414,G
11415,J
11416,K
11417,O
11418,U
11419,J
11420,Q
11421,K
11422,K
11423,D
11424,U
11425,V
11426,N
11427,I
11428,N
11429,F
11430,R
11431,J
11432,B
11433,C
11434,N
11435,L
11436,L
11437,Z
11438,H
11439,E
11440,Z
11441,C
11442,P
11443,W
11444,P
11445,G
11446,K
11447,T
11448,X
11449,A
11450,B
11451,Y
11452,A
11453,I
11454,D
11455,O
11456,G
11457,G
11458,A
11459,E
11460,J
11461,L
11462,Z
11463,Q
11464,V
11465,I
11466,L
11467,G
11468,E
11469,F
11470,N
11471,F
11472,R
11473,A
11474,K
11475,J
11476,K
11477,Z
11478,N
11479,Y
11480,E
11481,W
11482,M
11483,E
11484,U
11485,S
11486,Y
11487,K
11488,P
11489,Q
11490,Y
11491,D
11492,E
11493,Y
11494,M
11495,L
11496,F
11497,Y
11498,M
11499,H
11500,F
11501,R
11502,S
11503,V
11504,L
11505,U
11506,B
11507,F
11508,E
11509,I
11510,F
11511,K
11512,I
11513,D
11514,Y
11515,F
11516,I
11517,Z
11518,T
11519,Q
11520,J
11521,R
11522,C
11523,M
11524,Y
11525,J
11526,N
11527,B
11528,V
11529,O
11530,B
11531,L
11532,J
11533,B
11534,N
11535,Y
11536,O
11537,J
11538,K
11539,Y
11540,M
11541,A
11542,Y
11543,N
11544,U
11545,W
11546,V
11547,C
11548,Y
11549,D
11550,Q
11551,A
11552,Y
11553,D
11554,Q
11555,Y
11556,D
11557,L
11558,M
11559,L
11560,V
11561,K
11562,W
11563,D
11564,J
11565,O
11566,B
11567,L
11568,U
11569,C
11570,T
11571,O
11572,X
11573,A
11574,Z
11575,U
11576,C
11577,P
11578,G
11579,L
11580,D
11581,Z
11582,Y
11583,C
11584,R
11585,N
11586,S
11587,I
11588,L
11589,A
11590,G
11591,Q
11592,D
11593,Q
11594,F
11595,H
11596,Q
11597,Z
11598,V
11599,Y
11600,T
11601,S
11602,I
11603,U
11604,G
11605,O
11606,Q
11607,D
11608,I
11609,R
11610,Q
11611,M
11612,F
11613,I
11614,A
11615,M
11616,Q
11617,O
11618,J
11619,V
11620,F
11621,U
11622,Q
11623,L
11624,I
11625,T
11626,Z
11627,J
11628,Z
11629,U
11630,P
11631,A
11632,V
11633,F
11634,E
11635,V
11636,A
11637,U
11638,I
11639,X
11640,B
11641,H
11642,M
11643,W
11644,J
11645,B
11646,F
11647,F
11648,Z
11649,M
11650,D
11651,C
11652,X
11653,D
11654,V
11655,S
11656,S
11657,H
11658,P
11659,U
11660,S
11661,A
11662,N
11663,X
11664,F
11665,E
11666,R
11667,Q
11668,J
11669,I
11670,R
11671,Q
11672,N
11673,W
11674,X
11675,H
11676,B
11677,H
11678,M
11679,O
11680,K
11681,Q
11682,U
11683,L
11684,V
11685,B
11686,V
11687,K
11688,S
11689,G
11690,I
11691,W
11692,H
11693,N
11694,Z
11695,D
11696,L
11697,C
11698,Z
11699,L
11700,Q
11701,C
11702,Z
11703,I
11704,V
11705,B
11706,G
11707,P
11708,A
11709,D
11710,G
11711,V
11712,A
11713,I
11714,H
11715,Q
11716,Q
11717,B
11718,F
11719,R
11720,I
11721,M
11722,N
11723,X
11724,B
11725,R
11726,M
11727,S
11728,T
11729,Q
11730,I
11731,D
11732,R
11733,G
11734,I
11735,C
11736,K
11737,K
11738,H
11739,V
11740,D
11741,F
11742,P
11743,P
11744,R
11745,O
11746,S
11747,T
11748,G
11749,O
11750,Z
11751,B
11752,N
11753,Q
11754,L
11755,J
11756,G
11757,D
11758,U
11759,L
11760,U
11761,B
11762,S
11763,R
11764,Q
11765,O
11766,L
11767,T
11768,R
11769,H
11770,S
11771,D
11772,J
11773,A
11774,W
11775,F
11776,K
11777,F
11778,M
11779,M
11780,H
11781,J
11782,X
11783,U
11784,C
11785,F
11786,N
11787,C
11788,X
11789,I
11790,C
11791,T
11792,C
11793,F
11794,D
11795,S
11796,X
11797,U
11798,M
11799,T
11800,I
11801,F
11802,L
11803,O
11804,Z
11805,M
11806,U
11807,V
11808,A
11809,E
11810,U
11811,W
11812,D
11813,T
11814,H
11815,Y
11816,L
11817,W
11818,P
11819,F
11820,P
11821,I
11822,T
11823,N
11824,E
11825,Q
11826,A
11827,E
11828,O
11829,K
11830,R
11831,T
11832,W
11833,W
11834,X
11835,L
11836,M
11837,J
11838,C
11839,Q
11840,C
11841,Y
11842,Y
11843,G
11844,X
11845,M
11846,G
11847,N
11848,K
11849,D
11850,H
11851,H
11852,E
11853,W
11854,K
11855,M
11856,C
11857,V
11858,V
11859,O
11860,U
11861,S
11862,Q
11863,U
11864,N
11865,Y
11866,L
11867,U
11868,U
11869,K
11870,R
11871,F
11872,T
11873,L
11874,N
11875,E
11876,N
11877,G
11878,R
11879,O
11880,F
11881,S
11882,W
11883,X
11884,X
11885,R
11886,D
11887,O
11888,N
11889,N
11890,E
11891,F
11892,A
11893,X
11894,K
11895,W
11896,S
11897,G
11898,U
11899,U
11900,L
11901,C
11902,M
11903,A
11904,F
11905,N
11906,U
11907,H
11908,G
11909,R
11910,G
11911,Q
11912,R
11913,A
11914,P
11915,O
11916,U
11917,Y
11918,J
11919,C
11920,P
11921,N
11922,B
11923,P
11924,K
11925,E
11926,M
11927,A
11928,B
11929,Q
11930,Z
11931,G
11932,X
11933,U
11934,Q
11935,C
11936,D
11937,M
11938,Z
11939,N
11940,H
11941,G
11942,E
11943,Z
11944,L
11945,P
11946,B
11947,P
11948,K
11949,B
11950,F
11951,W
11952,D
11953,P
11954,N
11955,O
11956,C
11957,H
11958,N
11959,K
11960,M
11961,I
11962,M
11963,U
11964,Y
11965,N
11966,I
11967,X
11968,B
11969,W
11970,V
11971,G
11972,A
11973,T
11974,N
11975,U
11976,Q
11977,C
11978,E
11979,P
11980,C
11981,R
11982,L
11983,C
11984,L
11985,G
11986,D
11987,I
11988,F
11989,L
11990,Q
11991,X
11992,D
11993,B
11994,W
11995,I
11996,L
11997,U
11998,P
11999,K
12000,G
12001,J
12002,R
12003,K
12004,M
12005,L
12006,J
12007,N
12008,B
12009,V
12010,A
12011,T
12012,J
12013,Y
12014,K
12015,A
12016,Z
12017,F
12018,U
12019,I
12020,F
12021,Z
12022,T
12023,F
12024,M
12025,I
12026,J
12027,P
12028,J
12029,M
12030,M
12031,Z
12032,F
12033,B
12034,K
12035,L
12036,C
12037,W
12038,X
12039,M
12040,U
12041,O
12042,L
12043,L
12044,K
12045,T
12046,X
12047,L
12048,U
12049,Z
12050,F
12051,X
12052,L
12053,Z
12054,T
12055,K
12056,P
12057,D
12058,A
12059,C
12060,A
12061,G
12062,T
12063,D
12064,H
12065,I
12066,Y
12067,Y
12068,L
12069,S
12070,P
12071,T
12072,N
12073,K
12074,U
12075,X
12076,J
12077,N
12078,F
12079,G
12080,U
12081,P
12082,Z
12083,L
12084,B
12085,H
12086,I
12087,U
12088,H
12089,L
12090,U
12091,Q
12092,Y
12093,F
12094,Z
12095,O
12096,H
12097,Y
12098,P
12099,V
12100,S
12101,S
12102,H
12103,H
12104,L
12105,B
12106,F
12107,Y
12108,B
12109,M
12110,X
12111,T
12112,Y
12113,G
12114,T
12115,G
12116,G
12117,U
12118,W
12119,T
12120,L
12121,K
12122,T
12123,N
12124,E
12125,Y
12126,K
12127,F
12128,Y
12129,L
12130,N
12131,Y
12132,M
12133,I
12134,T
12135,J
12136,P
12137,Z
12138,D
12139,A
12140,K
12141,W
12142,P
12143,Q
12144,H
12145,S
12146,G
12147,H
12148,F
12149,C
12150,U
12151,P
12152,W
12153,O
12154,Y
12155,X
12156,V
12157,O
12158,I
12159,Z
12160,H
12161,Y
12162,G
12163,Y
12164,B
12165,J
12166,N
12167,W
12168,Z
12169,Q
12170,F
12171,H
12172,M
12173,J
12174,B
12175,D
12176,S
12177,U
12178,J
12179,F
12180,G
12181,B
12182,C
12183,W
12184,D
12185,Q
12186,U
12187,N
12188,S
12189,B
12190,G
12191,G
12192,Q
12193,A
12194,E
12195,Q
12196,F
12197,Z
12198,E
12199,W
12200,V
12201,P
12202,Z
12203,F
12204,S
12205,G
12206,B
12207,C
12208,C
12209,E
12210,P
12211,M
12212,N
12213,P
12214,B
12215,S
12216,L
12217,P
12218,O
12219,S
12220,R
12221,P
12222,H
12223,Y
12224,J
12225,F
12226,A
12227,X
12228,B
12229,I
12230,D
12231,E
12232,X
12233,E
12234,N
12235,E
12236,V
12237,W
12238,N
12239,L
12240,Z
12241,V
12242,K
12243,B
12244,R
12245,K
12246,Y
12247,Q
12248,G
12249,Y
12250,E
12251,X
12252,J
12253,G
12254,V
12255,H
12256,F
12257,P
12258,K
12259,X
12260,T
12261,M
12262,Q
12263,U
12264,F
12265,F
12266,A
12267,V
12268,N
12269,Z
12270,F
12271,E
12272,J
12273,A
12274,Q
12275,G
12276,F
12277,U
12278,Y
12279,K
12280,E
12281,Z
12282,X
12283,H
12284,L
12285,F
12286,L
12287,J
12288,Z
12289,P
12290,K
12291,A
12292,J
12293,B
12294,W
12295,X
12296,P
12297,T
12298,T
12299,T
12300,N
12301,Y
12302,O
12303,P
12304,Q
12305,O
12306,M
12307,Y
12308,Q
12309,S
12310,D
12311,X
12312,R
12313,E
12314,Q
12315,X
12316,G
12317,U
12318,E
12319,Y
12320,Q
12321,S
12322,V
12323,L
12324,B
12325,E
12326,F
12327,T
12328,R
12329,M
12330,Q
12331,H
12332,T
12333,Y
12334,T
12335,R
12336,S
12337,J
12338,A
12339,O
12340,G
12341,X
12342,W
12343,U
12344,U
12345,R
12346,M
12347,B
12348,D
12349,O
12350,T
12351,C
12352,U
12353,X
12354,A
12355,K
12356,S
12357,U
12358,W
12359,P
12360,U
12361,A
12362,C
12363,V
12364,E
12365,N
12366,Q
12367,H
12368,N
12369,J
12370,F
12371,R
12372,U
12373,N
12374,U
12375,P
12376,C
12377,F
12378,D
12379,X
12380,P
12381,H
12382,I
12383,I
12384,R
12385,M
12386,D
12387,N
12388,F
12389,C
12390,W
12391,Z
12392,E
12393,T
12394,X
12395,J
12396,Z
12397,L
12398,D
12399,O
12400,G
12401,I
12402,H
12403,M
12404,Z
12405,O
12406,M
12407,D
12408,E
12409,U
12410,Q
12411,I
12412,S
12413,Q
12414,M
12415,L
12416,E
12417,N
12418,N
12419,X
12420,Y
12421,Y
12422,B
12423,Z
12424,A
12425,C
12426,S
12427,P
12428,N
12429,O
12430,I
12431,J
12432,L
12433,D
12434,K
12435,L
12436,Z
12437,I
12438,Y
12439,E
12440,F
12441,B
12442,T
12443,P
12444,M
12445,Z
12446,V
12447,V
12448,K
12449,V
12450,Z
12451,B
12452,K
12453,Q
12454,T
12455,E
12456,T
12457,B
12458,T
12459,O
12460,C
12461,V
12462,L
12463,C
12464,M
12465,O
12466,Y
12467,T
12468,F
12469,L
12470,P
12471,H
12472,P
12473,O
12474,I
12475,D
12476,Z
12477,A
12478,N
12479,M
12480,A
12481,L
12482,R
12483,O
12484,Z
12485,K
12486,E
12487,J
12488,D
12489,N
12490,F
12491,A
12492,L
12493,H
12494,T
12495,L
12496,K
12497,K
12498,W
12499,S
12500,E
12501,R
12502,L
12503,C
12504,A
12505,L
12506,Y
12507,R
12508,P
12509,P
12510,B
12511,H
12512,B
12513,K
12514,A
12515,D
12516,N
12517,R
12518,F
12519,E
12520,W
12521,Q
12522,B
12523,J
12524,D
12525,N
12526,F
12527,U
12528,V
12529,L
12530,T
12531,T
12532,O
12533,V
12534,U
12535,V
12536,U
12537,U
12538,N
12539,I
12540,Z
12541,A
12542,Z
12543,W
12544,T
12545,X
12546,B
12547,O
12548,X
12549,C
12550,T
12551,J
12552,K
12553,F
12554,C
12555,C
12556,F
12557,T
12558,O
12559,P
12560,N
12561,X
12562,E
12563,Y
12564,G
12565,B
12566,N
12567,S
12568,T
12569,H
12570,J
12571,A
12572,Z
12573,G
12574,I
12575,J
12576,R
12577,W
12578,H
12579,T
12580,M
12581,A
12582,P
12583,U
12584,T
12585,Y
12586,Y
12587,I
12588,B
12589,I
12590,K
12591,F
12592,Z
12593,O
12594,M
12595,L
12596,S
12597,Q
12598,D
12599,G
12600,Y
12601,R
12602,B
12603,C
12604,W
12605,T
12606,U
12607,X
12608,V
12609,B
12610,M
12611,F
12612,S
12613,S
12614,R
12615,V
12616,E
12617,A
12618,T
12619,N
12620,R
12621,S
12622,J
12623,T
12624,H
12625,U
12626,Z
12627,Z
12628,R
12629,B
12630,K
12631,B
12632,M
12633,N
12634,B
12635,W
12636,H
12637,D
12638,G
12639,D
12640,B
12641,N
12642,W
12643,D
12644,D
12645,Q
12646,E
12647,W
12648,X
12649,Y
12650,E
12651,R
12652,Y
12653,U
12654,H
12655,D
12656,Z
12657,M
12658,O
12659,V
12660,G
12661,G
12662,G
12663,V
12664,G
12665,D
12666,X
12667,C
12668,U
12669,J
12670,T
12671,Z
12672,R
12673,V
12674,F
12675,Q
12676,Y
12677,S
12678,U
12679,B
12680,L
12681,X
12682,D
12683,R
12684,X
12685,M
12686,J
12687,B
12688,A
12689,J
12690,M
12691,Z
12692,W
12693,C
12694,M
12695,I
12696,J
12697,X
12698,N
12699,W
12700,R
12701,F
12702,S
12703,R
12704,B
12705,Z
12706,B
12707,K
12708,R
12709,M
12710,R
12711,D
12712,F
12713,N
12714,X
12715,E
12716,Q
12717,V
12718,L
12719,Y
12720,F
12721,P
12722,J
12723,O
12724,Q
12725,U
12726,P
12727,Z
12728,Z
12729,B
12730,P
12731,W
12732,V
12733,A
12734,P
12735,B
12736,U
12737,V
12738,R
12739,H
12740,Z
12741,N
12742,G
12743,I
12744,N
12745,S
12746,F
12747,J
12748,T
12749,B
12750,Q
12751,E
12752,X
12753,Q
12754,Q
12755,H
12756,P
12757,U
12758,B
12759,G
12760,B
12761,S
12762,M
12763,N
12764,U
12765,L
12766,R
12767,U
12768,V
12769,J
12770,U
12771,K
12772,F
12773,H
12774,T
12775,B
12776,Z
12777,S
12778,U
12779,F
12780,H
12781,E
12782,P
12783,P
12784,Y
12785,J
12786,U
12787,B
12788,L
12789,D
12790,D
12791,V
12792,P
12793,R
12794,G
12795,C
12796,B
12797,H
12798,W
12799,N
12800,O
12801,B
12802,G
12803,V
12804,I
12805,F
12806,W
12807,B
12808,S
12809,C
12810,T
12811,L
12812,L
12813,O
12814,R
12815,F
12816,Z
12817,X
12818,W
12819,I
12820,S
12821,S
12822,V
12823,L
12824,Z
12825,H
12826,P
12827,I
12828,D
12829,E
12830,X
12831,Z
12832,F
12833,J
12834,J
12835,C
12836,C
12837,R
12838,K
12839,E
12840,N
12841,Q
12842,Z
12843,N
12844,K
12845,E
12846,M
12847,G
12848,Y
12849,V
12850,E
12851,V
12852,P
12853,G
12854,D
12855,S
12856,H
12857,X
12858,J
12859,C
12860,P
12861,C
12862,H
12863,I
12864,U
12865,P
12866,L
12867,I
12868,U
12869,K
12870,W
12871,S
12872,L
12873,T
12874,F
12875,D
12876,G
12877,C
12878,D
12879,J
12880,F
12881,I
12882,W
12883,H
12884,V
12885,N
12886,K
12887,F
12888,B
12889,W
12890,G
12891,A
12892,Z
12893,H
12894,B
12895,X
12896,O
12897,P
12898,V
12899,T
12900,K
12901,S
12902,D
12903,P
12904,K
12905,B
12906,G
12907,T
12908,Q
12909,T
12910,B
12911,Z
12912,I
12913,D
12914,U
12915,K
12916,Y
12917,W
12918,T
12919,N
12920,P
12921,M
12922,D
12923,Z
12924,Z
12925,G
12926,F
12927,O
12928,I
12929,P
12930,U
12931,B
12932,Y
12933,T
12934,T
12935,F
12936,N
12937,W
12938,I
12939,M
12940,J
12941,G
12942,S
12943,F
12944,Z
12945,V
12946,Y
12947,S
12948,G
12949,D
12950,L
12951,N
12952,Y
12953,Y
12954,B
12955,E
12956,E
12957,Y
12958,I
12959,Q
12960,Z
12961,U
12962,D
12963,O
12964,K
12965,L
12966,M
12967,A
12968,R
12969,N
12970,D
12971,D
12972,T
12973,Q
12974,I
12975,Q
12976,N
12977,M
12978,P
12979,N
12980,F
12981,P
12982,C
12983,E
12984,P
12985,K
12986,A
12987,D
12988,W
12989,W
12990,G
12991,F
12992,K
12993,U
12994,Z
12995,G
12996,Z
12997,X
12998,I
12999,J
